-- MySQL dump 10.13  Distrib 5.7.44, for Linux (x86_64)
--
-- Host: localhost    Database: aeo_ai
-- ------------------------------------------------------
-- Server version	5.7.44-log

/*!40101 SET @OLD_CHARACTER_SET_CLIENT=@@CHARACTER_SET_CLIENT */;
/*!40101 SET @OLD_CHARACTER_SET_RESULTS=@@CHARACTER_SET_RESULTS */;
/*!40101 SET @OLD_COLLATION_CONNECTION=@@COLLATION_CONNECTION */;
/*!40101 SET NAMES utf8 */;
/*!40103 SET @OLD_TIME_ZONE=@@TIME_ZONE */;
/*!40103 SET TIME_ZONE='+00:00' */;
/*!40014 SET @OLD_UNIQUE_CHECKS=@@UNIQUE_CHECKS, UNIQUE_CHECKS=0 */;
/*!40014 SET @OLD_FOREIGN_KEY_CHECKS=@@FOREIGN_KEY_CHECKS, FOREIGN_KEY_CHECKS=0 */;
/*!40101 SET @OLD_SQL_MODE=@@SQL_MODE, SQL_MODE='NO_AUTO_VALUE_ON_ZERO' */;
/*!40111 SET @OLD_SQL_NOTES=@@SQL_NOTES, SQL_NOTES=0 */;

--
-- Table structure for table `folders`
--

DROP TABLE IF EXISTS `folders`;
/*!40101 SET @saved_cs_client     = @@character_set_client */;
/*!40101 SET character_set_client = utf8 */;
CREATE TABLE `folders` (
  `id` bigint(20) unsigned NOT NULL AUTO_INCREMENT,
  `name` varchar(255) COLLATE utf8mb4_unicode_ci NOT NULL COMMENT '名称',
  `audit_status` tinyint(4) DEFAULT '0' COMMENT '审核状态 0待审核 1通过 2不通过',
  `standard_id` bigint(20) NOT NULL COMMENT '标准 Id',
  `user_id` bigint(20) NOT NULL COMMENT '用户 ID',
  `master_id` bigint(20) NOT NULL COMMENT '主账号 ID',
  `parent_id` bigint(20) NOT NULL COMMENT '上级 ID',
  `created_at` datetime DEFAULT NULL,
  `updated_at` datetime DEFAULT NULL,
  `department` varchar(255) COLLATE utf8mb4_unicode_ci DEFAULT NULL COMMENT '所属部门',
  `description` text COLLATE utf8mb4_unicode_ci COMMENT '描述/上传说明',
  PRIMARY KEY (`id`),
  KEY `folders_standard_id_index` (`standard_id`),
  KEY `folders_user_id_index` (`user_id`),
  KEY `folders_master_id_index` (`master_id`),
  KEY `folders_parent_id_index` (`parent_id`)
) ENGINE=InnoDB AUTO_INCREMENT=868 DEFAULT CHARSET=utf8mb4 COLLATE=utf8mb4_unicode_ci;
/*!40101 SET character_set_client = @saved_cs_client */;

--
-- Dumping data for table `folders`
--

LOCK TABLES `folders` WRITE;
/*!40000 ALTER TABLE `folders` DISABLE KEYS */;
INSERT INTO `folders` VALUES (264,'一、加工贸易以及保税进出口业务',0,6,1,0,0,'2026-04-24 17:39:24','2026-04-24 17:39:24',NULL,NULL),(265,'二、卫生检疫业务',0,6,1,0,0,'2026-04-24 17:39:24','2026-04-24 17:39:24',NULL,NULL),(266,'三、动植物检疫业务',0,6,1,0,0,'2026-04-24 17:39:24','2026-04-24 17:39:24',NULL,NULL),(267,'五、进出口商品检验业务',0,6,1,0,0,'2026-04-24 17:39:24','2026-04-24 17:39:24',NULL,NULL),(268,'八、物流运输业务',0,6,1,0,0,'2026-04-24 17:39:24','2026-04-24 17:39:24',NULL,NULL),(500,'一、内部控制标准',0,2,1,0,0,'2026-04-24 17:39:24','2026-04-24 17:39:24',NULL,NULL),(504,'一、内部控制标准',0,4,1,0,0,'2026-04-24 17:39:24','2026-04-24 17:39:24',NULL,NULL),(510,'一、内部控制标准',0,3,1,0,0,'2026-04-24 17:39:24','2026-04-24 17:39:24',NULL,NULL),(515,'一、内部控制标准',0,5,1,0,0,'2026-04-24 17:39:24','2026-04-24 17:39:24',NULL,NULL),(520,'三、守法规范标准',0,5,1,0,0,'2026-04-24 17:39:24','2026-04-24 17:39:24',NULL,NULL),(524,'三、守法规范标准',0,4,1,0,0,'2026-04-24 17:39:24','2026-04-24 17:39:24',NULL,NULL),(527,'二、财务状况标准',0,1,1,0,0,'2026-04-24 17:39:24','2026-04-24 17:39:24',NULL,NULL),(531,'四、贸易安全标准',0,3,1,0,0,'2026-04-24 17:39:24','2026-04-24 17:39:24',NULL,NULL),(540,'四、贸易安全标准',0,2,1,0,0,'2026-04-24 17:39:24','2026-04-24 17:39:24',NULL,NULL),(546,'四、贸易安全标准',0,5,1,0,0,'2026-04-24 17:39:24','2026-04-24 17:39:24',NULL,NULL),(553,'四、贸易安全标准',0,4,1,0,0,'2026-04-24 17:39:24','2026-04-24 17:39:24',NULL,NULL),(554,'1-关企沟通联系合作',0,2,1,0,500,'2026-04-24 17:39:24','2026-04-24 17:39:24','人事',NULL),(555,'1-1-关企联系合作机制',0,2,1,0,554,'2026-04-24 17:39:24','2026-04-24 17:39:24','人事','请上传以下文件：\n1. 关企联系合作机制制度文件（涵盖公司与海关沟通合作的管理规范）\n2. 关企联系合作机制的年度更新版本（如有分年度版本，请按年份分别上传）'),(556,'1-2-岗位职责',0,2,1,0,554,'2026-04-24 17:39:24','2026-04-24 17:39:24','人事','请上传以下文件：\n1. 组织架构图\n2. 岗位任职条件与职责说明文件（含贸易安全相关岗位的职责描述）\n3. 关键岗位任命书（如贸易安全负责人、AEO联络员等任命文件）\n4. 如有多年版本，请按年份（公司存续年份）分别上传'),(557,'2-进出口单证',0,4,1,0,504,'2026-04-24 17:39:24','2026-04-24 17:39:24','关务',NULL),(558,'2-3-进出口单证复核制度',0,4,1,0,557,'2026-04-24 17:39:24','2026-04-24 17:39:24','关务','请上传以下文件：\n1. 进出口单证复核管理制度文件\n2. 各年度进出口单证复核操作记录（按年份分别上传，涵盖公司存续年份）\n3. 单证复核抽查记录（含报关单、装箱单、发票等原始单据抽查样本）'),(559,'2-4-进出口单证保管制度',0,4,1,0,557,'2026-04-24 17:39:24','2026-04-24 17:39:24','关务','请上传以下文件：\n1. 进出口单证保管管理制度文件\n2. 各年度单证保管抽查记录（含实际单证样本，按年度/期次上传，涵盖公司存续年份）\n注：单证类型包括但不限于报关单、提单、发票等，建议每年至少上传2个检查时间节点的记录'),(560,'2-5-禁止类产品合规审查制度',0,4,1,0,557,'2026-04-24 17:39:24','2026-04-24 17:39:24','关务','请上传以下文件：\n1. 禁止类产品合规审查制度文件（如有年度更新，按年份上传，涵盖公司存续年份）\n2. 禁限类产品公告及目录（国家主管部门发布的相关禁止进出口货物目录）\n3. 合规审查记录或自查表（可按年度归纳上传）'),(561,'2-6-企业认证电子资料档案',0,4,1,0,557,'2026-04-24 17:39:24','2026-04-24 17:39:24','关务','请上传以下文件：\n1. 企业认证电子资料档案汇编（包含AEO认证相关的授权文件、证书等电子存档）'),(562,'3-信息系统',0,3,1,0,510,'2026-04-24 17:39:24','2026-04-24 17:39:24','行政',NULL),(563,'3-7-信息系统说明',0,3,1,0,562,'2026-04-24 17:39:24','2026-04-24 17:39:24','行政','请上传以下文件：\n1. 各信息系统操作手册（如EIP系统、WMS仓储系统、JDY系统、金蝶K3等，按系统分别上传）\n2. 信息系统抽查记录（包含系统截图、进出库查询记录、异常报错记录等，按年度上传，涵盖公司存续年份）'),(564,'3-8-系统数据的保管',0,3,1,0,562,'2026-04-24 17:39:24','2026-04-24 17:39:24','行政','请上传以下文件：\n1. 信息安全管理手册 / IT数据保管制度（按版本年份上传，请上传当前有效版本）\n2. 系统数据保留期限截图（证明数据保存周期不少于3年，按时间段分别上传）'),(565,'3-9-信息安全管理制度',0,3,1,0,562,'2026-04-24 17:39:24','2026-04-24 17:39:24','行政','请上传以下文件：\n1. IT信息安全管理手册 / 员工手册（按版本年份上传）\n2. 密码管理策略记录（密码定期修改策略截图、密码到期修改记录）\n3. 机房门禁记录（按年度节点上传，如每年2个时间点，涵盖公司存续年份）\n4. 杀毒软件运行截图（按年度上传）'),(566,'4-内部审计和改进',0,5,1,0,515,'2026-04-24 17:39:24','2026-04-24 17:39:24','审计部',NULL),(567,'4-10-内部审计制度',0,5,1,0,566,'2026-04-24 17:39:24','2026-04-24 17:39:24','审计部','请上传以下文件：\n1. 内部审核制度文件（按版本年份上传，请上传当前有效版本）'),(568,'4-11-内审记录报告',0,5,1,0,566,'2026-04-24 17:39:24','2026-04-24 17:39:24','审计部','请上传以下文件：\n1. 各年度AEO内部审核报告（涵盖公司存续年度，部分年份有上下半年两份，请按年份/期次分别上传）\n   参考格式：yyyy AEO内审报告.pdf 或 yyyy-I / yyyy-II AEO内审报告.pdf'),(569,'4-12-改进和责任追究机制',0,5,1,0,566,'2026-04-24 17:39:24','2026-04-24 17:39:24','审计部','请上传以下文件：\n1. 内审改进机制文件（包含改进机制说明、内部审核不合格报告、纠正措施记录等）\n2. 责任追究制度文件（如员工手册实施细则中的责任追究部分）\n3. 关企联系合作报告流程文件'),(570,'6-遵守法律法规',0,5,1,0,520,'2026-04-24 17:39:24','2026-04-24 17:39:24','审计部',NULL),(571,'6-15-1-无犯罪记录管理层声明书',0,5,1,0,570,'2026-04-24 17:39:24','2026-04-24 17:39:24','审计部','请对照以下海关对于无犯罪记录的要求开展核查：\n1. 公司法定代表人、负责海关事务的高级管理人员（小村博之、川锅和弘）以及财务负责人、贸易安全负责人、报关业务负责人、AEO联络员是否在认证有效期内（近2年）存在刑事犯罪记录。\n2. 企业是否曾发生由于走私犯罪受过刑事处罚的情形。\n3. 请上传管理层对应的无犯罪记录声明书，需由相关负责人签署。'),(572,'6-16&17&18 报关单行政处罚合规',0,5,1,0,570,'2026-04-24 17:39:24','2026-04-24 17:39:24','审计部','请上传以下文件（对应原 6-16、6-17、6-18 审核项）：\n1. 企业行政处罚记录说明或各年度无行政处罚证明材料\n2. 被处罚报关单明细及对应的行政处罚决定书（如有）\n3. 法律法规遵守相关证明材料（如行政许可证、相关资质证书等）\n注：审核标准为行政处罚金额累计≤5万元，且被处罚报关单比例＜1‰'),(573,'7-进出口记录',0,4,1,0,524,'2026-04-24 17:39:24','2026-04-24 17:39:24','关务',NULL),(574,'7-19-1年内进出口活动证明',0,4,1,0,573,'2026-04-24 17:39:24','2026-04-24 17:39:24','关务','请上传以下文件：\n1. 1年内进出口活动证明（如海关进出口统计报表、报关记录汇总，或海关签发的证明文件）\n2. 如有不同年度版本，请按年份分别上传'),(575,'5-财务状况',0,1,1,0,527,'2026-04-24 17:39:24','2026-04-24 17:39:24','财务',NULL),(576,'5-13-审计报告',0,1,1,0,575,'2026-04-24 17:39:24','2026-04-24 17:39:24','财务','请上传以下文件：\n1. 各年度财务审计报告（涵盖公司存续年份，每年一份，由第三方会计师事务所出具）'),(577,'5-14-资产负债率情况',0,1,1,0,575,'2026-04-24 17:39:24','2026-04-24 17:39:24','财务','请上传以下文件：\n1. 各年度资产负债率数据说明文件（含资产负债表或财务分析报告，涵盖公司存续年份）\n2. 如有专项资产负债率计算说明，请一并上传'),(578,'11-经营场所安全',0,3,1,0,531,'2026-04-24 17:39:24','2026-04-24 17:39:24','行政',NULL),(579,'11-31-经营场所安全管理制度',0,3,1,0,578,'2026-04-24 17:39:24','2026-04-24 17:39:24','行政','请上传以下文件：\n1. 经营场所安全管理制度文件（含办公区、仓库、园区等区域的安全管理规范）\n2. 如有年度更新版本，请按年份分别上传'),(580,'11-32-经营场所建筑物',0,3,1,0,578,'2026-04-24 17:39:24','2026-04-24 17:39:24','行政','请上传以下文件：\n1. 经营场所建筑物照片或说明（含外观、围墙、门禁等设施的现场图片）\n2. 建筑物平面图或场所示意图\n3. 如有多个经营场所或多年度更新记录，请按场所/年份分别上传'),(581,'11-33-锁闭装置及钥匙保管',0,3,1,0,578,'2026-04-24 17:39:24','2026-04-24 17:39:24','行政','请上传以下文件：\n1. 锁闭装置及钥匙保管制度文件\n2. 锁闭装置实物照片（含门锁、密码锁、电子门禁等设施）\n3. 钥匙/门禁卡领用登记记录（按年度上传，涵盖公司存续年份）'),(582,'11-34-照明',0,3,1,0,578,'2026-04-24 17:39:24','2026-04-24 17:39:24','行政','请上传以下文件：\n1. 经营场所照明设施照片（含仓库内外、停车区域、门禁区域等）\n2. 照明检查记录或维护记录（按年度上传）'),(583,'11-35-车辆和人员进出管理',0,3,1,0,578,'2026-04-24 17:39:24','2026-04-24 17:39:24','行政','请上传以下文件：\n1. 车辆与人员进出管理制度文件\n2. 进出登记记录（如门卫签到表、车辆出入台账、门禁系统记录截图等，按年度上传，涵盖公司存续年份）\n3. 现场照片（如门卫亭、道闸、人行通道等设施）'),(584,'11-36-单证存放和仓储区域受控管理',0,3,1,0,578,'2026-04-24 17:39:24','2026-04-24 17:39:24','行政','请上传以下文件：\n1. 单证存放管理制度及仓储区域受控管理制度\n2. 单证存放区域实物照片（如文件柜、档案室等）\n3. 仓储区域管控措施说明或现场图片'),(585,'11-37-重要敏感区域视频监控',0,3,1,0,578,'2026-04-24 17:39:25','2026-04-24 17:39:25','行政','请上传以下文件：\n1. 视频监控系统说明（含监控点位分布图或照片）\n2. 监控录像保存制度及保存时长说明\n3. 监控系统运行状态截图或巡检记录（按年度上传）'),(586,'12-人员安全',0,2,1,0,540,'2026-04-24 17:39:25','2026-04-24 17:39:25','人事',NULL),(587,'12-38-员工入职离职管理',0,2,1,0,586,'2026-04-24 17:39:25','2026-04-24 17:39:25','人事','请上传以下文件：\n1. 员工入职管理制度文件（含入职前背景核查流程）\n2. 员工离职管理制度文件（含权限注销、资产归还等流程）\n3. 如有年度版本更新，请按年份分别上传'),(588,'12-39-新员工&安全敏感岗位背调',0,2,1,0,586,'2026-04-24 17:39:25','2026-04-24 17:39:25','人事','请上传以下文件：\n1. 新员工及安全敏感岗位背景调查制度文件\n2. 背调记录样本（如背调报告、员工授权书等，按年份归纳，涵盖公司存续年份）\n3. 安全敏感岗位名单或说明'),(589,'12-40-员工身份识别和离职员工取消授权',0,2,1,0,586,'2026-04-24 17:39:25','2026-04-24 17:39:25','人事','请上传以下文件：\n1. 员工身份识别管理制度（含工牌、门禁卡发放及管理规范）\n2. 离职员工权限注销记录（按年度上传，涵盖公司存续年份）\n3. 员工工牌或身份识别系统说明截图'),(590,'12-41-访客进出登记管理',0,2,1,0,586,'2026-04-24 17:39:25','2026-04-24 17:39:25','人事','请上传以下文件：\n1. 访客进出登记管理制度文件\n2. 访客登记记录表样本（按年度上传，涵盖公司存续年份）\n3. 访客接待区域或门卫处现场照片'),(591,'13-货物-物品安全',0,5,1,0,546,'2026-04-24 17:39:25','2026-04-24 17:39:25','审计部',NULL),(592,'13-42-货物-物品安全管理制度',0,5,1,0,591,'2026-04-24 17:39:25','2026-04-24 17:39:25','审计部','请上传以下文件：\n1. 货物与物品安全管理制度文件（含收货、发货、仓储全流程的安全管控规范）\n2. 如有年度版本更新，请按年份分别上传'),(593,'13-43-集装箱七点检查法',0,5,1,0,591,'2026-04-24 17:39:25','2026-04-24 17:39:25','审计部','请上传以下文件：\n1. 集装箱七点检查法操作规范文件\n2. 各年度集装箱七点检查记录（按年份上传，涵盖公司存续年份，建议每年至少2个时间节点）'),(594,'13-44-集装箱封条',0,5,1,0,591,'2026-04-24 17:39:25','2026-04-24 17:39:25','审计部','请上传以下文件：\n1. 集装箱封条管理制度文件\n2. 集装箱封条实物照片或使用记录（按年份上传，涵盖公司存续年份）'),(595,'13-45-集装箱存储制度',0,5,1,0,591,'2026-04-24 17:39:25','2026-04-24 17:39:25','审计部','请上传以下文件：\n1. 集装箱存储管理制度文件\n2. 相关年度集装箱存放区域照片或管理记录'),(596,'13-46-司机身份核实',0,5,1,0,591,'2026-04-24 17:39:25','2026-04-24 17:39:25','审计部','请上传以下文件：\n1. 司机身份核实管理制度文件\n2. 各年度司机身份核实记录（如核实登记表、驾照复印件存档等，按年份上传，涵盖公司存续年份）'),(597,'13-货物-物品安全',0,4,1,0,553,'2026-04-24 17:39:25','2026-04-24 17:39:25','关务',NULL),(598,'13-47-装运和接收货物物品',0,4,1,0,597,'2026-04-24 17:39:25','2026-04-24 17:39:25','关务','请上传以下文件：\n1. 货物装运与接收操作规范文件\n2. 各年度货物收发记录样本（如入库单、出库单、验货记录等，按年份上传，涵盖公司存续年份）'),(599,'13-48-货物-物品差异及报告程序',0,5,1,0,591,'2026-04-24 17:39:25','2026-04-24 17:39:25','审计部','请上传以下文件：\n1. 货物差异处理及报告程序文件（含差异发现、上报、处置全流程说明）\n2. 差异报告记录样本（如有）'),(600,'13-49-出口安全制度',0,5,1,0,591,'2026-04-24 17:39:25','2026-04-24 17:39:25','审计部','请上传以下文件：\n1. 出口安全管理制度文件（含出口货物安全控制的规范与流程）'),(601,'14-运输工具安全',0,3,1,0,531,'2026-04-24 17:39:25','2026-04-24 17:39:25','行政',NULL),(602,'14-50-运输工具安全管理制度',0,3,1,0,601,'2026-04-24 17:39:25','2026-04-24 17:39:25','行政','请上传以下文件：\n1. 运输工具安全管理制度文件（含车辆检查、维护、安全标准等管理规范）'),(603,'14-51-运输工具检查',0,3,1,0,601,'2026-04-24 17:39:25','2026-04-24 17:39:25','行政','请上传以下文件：\n1. 运输工具检查标准或操作规范文件\n2. 各年度车辆出车前安全检查记录（按年份上传，涵盖公司存续年份）\n3. 各年度车辆定期检查记录（如季度/年度车辆检查报告，按年份上传）'),(604,'14-52-运输工具存储制度',0,3,1,0,601,'2026-04-24 17:39:25','2026-04-24 17:39:25','行政','请上传以下文件：\n1. 运输工具存储管理制度文件（如运输部操作规范中的车辆停放与保管规定）'),(605,'14-53-安全培训',0,3,1,0,601,'2026-04-24 17:39:25','2026-04-24 17:39:25','行政','请上传以下文件：\n1. 运输安全相关制度文件（如运输部操作规范）\n2. 各年度运输安全培训记录（按月份/年份上传，涵盖公司存续年份）\n   注：培训记录请按年份归纳，每年按月度培训记录分别上传'),(606,'15-商业伙伴安全',0,5,1,0,546,'2026-04-24 17:39:25','2026-04-24 17:39:25','审计部',NULL),(607,'15-54-商业伙伴安全管理制度',0,5,1,0,606,'2026-04-24 17:39:25','2026-04-24 17:39:25','审计部','请上传以下文件：\n1. 商业伙伴安全管理制度文件（含对客户、供应商等合作伙伴的安全管控规范）'),(608,'15-55-全面评估',0,5,1,0,606,'2026-04-24 17:39:25','2026-04-24 17:39:25','审计部','请上传以下文件（分客户和供应商两类分别准备）：\n【客户类】\n1. 与客户有关的评估与监测程序说明文件\n2. 商业合作伙伴清单（按年份上传，涵盖公司存续年份）\n3. 客户调查表（按年份上传，涵盖公司存续年份）\n4. 客户评价表（按年份分别上传，按公司存续年份各一份）\n5. 贸易安全考评表\n【供应商类】\n6. 供应商（运输、报关等类别）调查表、评价表及考评表（按年份分别上传）'),(609,'15-56-优化贸易安全管理书面文件',0,5,1,0,606,'2026-04-24 17:39:25','2026-04-24 17:39:25','审计部','请上传以下文件：\n1. 与运输供应商签订的贸易安全补充协议\n2. 与报关供应商签订的贸易安全补充协议\n3. 向客户发送的贸易安全告知书（按客户分别上传，涵盖全部主要客户）'),(610,'15-57-监控检查',0,5,1,0,606,'2026-04-24 17:39:25','2026-04-24 17:39:25','审计部','请上传以下文件（分客户和供应商两类分别准备）：\n【客户类】\n1. 与客户监控检查相关的评估与监测程序说明\n2. 客户贸易安全考评表\n3. 客户评价表（按年份分别上传，涵盖公司存续年份）\n【供应商类】\n4. 运输供应商贸易安全考评表（按年份分别上传，涵盖公司存续年份）\n5. 报关供应商贸易安全考评表（按年份分别上传）\n6. 仓库供应商贸易安全考评表（按年份分别上传）'),(611,'16-海关业务和贸易安全培训',0,4,1,0,553,'2026-04-24 17:39:25','2026-04-24 17:39:25','关务',NULL),(612,'16-58-法律法规和贸易安全内部培训制度',0,4,1,0,611,'2026-04-24 17:39:25','2026-04-24 17:39:25','关务','请上传以下文件：\n1. 人力资源管理程序（含员工培训相关规定，按版本年份上传，请上传当前有效版本）\n2. 各年度内部培训计划（按年份分别上传，按公司存续年份各一份）'),(613,'16-59-海关法律法规培训',0,4,1,0,611,'2026-04-24 17:39:25','2026-04-24 17:39:25','关务','请上传以下文件：\n1. 人力资源管理程序（按版本年份上传）\n2. 各次培训记录表（区分员工培训和内审员培训，按培训日期分别上传，涵盖公司存续年份）'),(614,'16-60-货物安全培训',0,4,1,0,611,'2026-04-24 17:39:25','2026-04-24 17:39:25','关务','请上传以下文件：\n1. 仓库安全管理手册 / 运输部操作规范（按版本年份上传）\n2. 运输安全培训记录（按月份上传，涵盖公司存续年份）\n3. 仓库安全培训记录（按年度上传，涵盖公司存续年份）\n   注：培训记录请按年份分别整理归纳后上传'),(615,'16-61-危机管理培训',0,4,1,0,611,'2026-04-24 17:39:25','2026-04-24 17:39:25','关务','请上传以下文件：\n1. 危机管理相关制度文件（含应急预案，如火灾、台风、地震、车辆故障等应急预案，以及自然灾害应急手册）\n2. 各年度危机管理培训记录（按年份分别上传，涵盖公司存续年份）'),(616,'16-62-信息安全培训',0,4,1,0,611,'2026-04-24 17:39:25','2026-04-24 17:39:25','关务','请上传以下文件：\n1. IT信息安全管理手册（按版本年份上传）\n2. 各次信息安全培训记录（按培训日期分别上传，涵盖公司存续年份，含员工信息安全培训及网络安全培训）'),(617,'4-4-1-管理制度',0,6,1,0,266,'2026-04-24 17:39:25','2026-04-24 17:39:25','单项标准',NULL),(618,'4-4-1-管理制度',0,6,1,0,617,'2026-04-24 17:39:25','2026-04-24 17:39:25','单项标准','请上传：1. 仓库操作部木质包装管理制度\n2. 客户服务部进出境商检与进出口法检制度'),(619,'4-4-3-抽查单证',0,6,1,0,617,'2026-04-24 17:39:25','2026-04-24 17:39:25','单项标准','请上传：历年抽查单证相关文件。'),(620,'4-4-4-熏蒸板记录',0,6,1,0,617,'2026-04-24 17:39:25','2026-04-24 17:39:25','单项标准','请上传：1. 空置熏蒸板存放区文件\n2. 整进整出熏蒸板记录文件'),(621,'2-特殊物品单证',0,6,1,0,265,'2026-04-24 17:39:25','2026-04-24 17:39:25','单项标准','请上传：历年特殊物品单证文件夹'),(622,'3-特殊物品安全管理制度',0,6,1,0,265,'2026-04-24 17:39:25','2026-04-24 17:39:25','单项标准','请上传：1. 特殊物品-温控货物操作指导手册\n2. 单证归档管理制度（电子）\n3. 单证归档管理制度（纸质）'),(623,'1-1-进出口单证及复核制度文件',0,6,1,0,264,'2026-04-24 17:39:25','2026-04-24 17:39:25','单项标准','请上传：1. 客户服务部单证复核流程\n2. 单证归档管理制度（电子）\n3. 单证归档管理制度（纸质）'),(624,'4-4-2-进境商检查验管理台账',0,6,1,0,617,'2026-04-24 17:39:25','2026-04-24 17:39:25','单项标准','请上传：历年进境商检查验管理台账记录。'),(625,'9-法检制度',0,6,1,0,267,'2026-04-24 17:39:25','2026-04-24 17:39:25','单项标准','请上传进出境商检与进出口法检管理制度文件。'),(626,'运输工具管理制度',0,6,1,0,268,'2026-04-24 17:39:25','2026-04-24 17:39:25','单项标准','请上传运输工具管理相关的操作规范或制度文件（如运输部操作规范）。'),(627,'运输工具行驶轨迹',0,6,1,0,268,'2026-04-24 17:39:25','2026-04-24 17:39:25','单项标准',NULL),(628,'21-1-定位系统车载终端管理制度',0,6,1,0,627,'2026-04-24 17:39:25','2026-04-24 17:39:25','单项标准','请上传定位系统车载终端管理制度文件。'),(629,'21-2-车辆行驶轨迹监控记录',0,6,1,0,627,'2026-04-24 17:39:25','2026-04-24 17:39:25','单项标准','请上传各年度车辆行驶轨迹监控数据及汇总台账。'),(630,'22-1-运输工具与驾驶人员匹配管理制度',0,6,1,0,268,'2026-04-24 17:39:25','2026-04-24 17:39:25','单项标准',NULL),(631,'22-1-运输工具与驾驶人员匹配管理制度',0,6,1,0,630,'2026-04-24 17:39:25','2026-04-24 17:39:25','单项标准','请上传驾驶员安全管理制度、司机提货流程及身份检查规范。'),(632,'22-2-台账记录',0,6,1,0,630,'2026-04-24 17:39:25','2026-04-24 17:39:25','单项标准','请上传车辆信息表、各年度提送货车辆进出登记台账。'),(633,'11-单证复核及系统逻辑检验',0,6,1,0,300,'2026-04-24 17:39:25','2026-04-24 17:39:25','单项标准',NULL),(634,'1-1-进出口单证及复核制度文件',0,6,1,0,633,'2026-04-24 17:39:25','2026-04-24 17:39:25','单项标准','请上传以下文件：\n1. 进出口单证及复核制度文件'),(635,'1-2-系统复审界面截屏',0,6,1,0,633,'2026-04-24 17:39:25','2026-04-24 17:39:25','单项标准','请上传以下文件：\n1. 系统复审界面截屏'),(636,'1-3-历年退改单率统计',0,6,1,0,633,'2026-04-24 17:39:25','2026-04-24 17:39:25','单项标准','请上传以下文件：\n1. 历年退改单率统计'),(637,'1-4-历年单一窗口数据取值截屏',0,6,1,0,633,'2026-04-24 17:39:25','2026-04-24 17:39:25','单项标准','请上传以下文件：\n1. 历年单一窗口数据取值截屏'),(638,'1-5-系统逻辑检验截屏',0,6,1,0,633,'2026-04-24 17:39:25','2026-04-24 17:39:25','单项标准','请上传以下文件：\n1. 系统逻辑检验截屏'),(639,'1-6-历年单证抽取记录',0,6,1,0,633,'2026-04-24 17:39:25','2026-04-24 17:39:25','单项标准','请上传以下文件：\n1. 历年单证抽取记录，包括出口、出境、进口、进境'),(640,'12-海关法律法规培训',0,6,1,0,300,'2026-04-24 17:39:25','2026-04-24 17:39:25','单项标准',NULL),(641,'2-7-海关法律法规培训管理办法',0,6,1,0,640,'2026-04-24 17:39:25','2026-04-24 17:39:25','单项标准','请上传以下文件：\n1. 海关法律法规培训管理办法'),(642,'2-8-客户海关法律法规培训签到记录和培训课件',0,6,1,0,640,'2026-04-24 17:39:25','2026-04-24 17:39:25','单项标准','请上传以下文件：\n1. 客户海关法律法规培训签到记录和培训课件'),(643,'13-延伸认证',0,6,1,0,300,'2026-04-24 17:39:25','2026-04-24 17:39:25','单项标准',NULL),(644,'3-9-延伸认证情况说明文件',0,6,1,0,643,'2026-04-24 17:39:25','2026-04-24 17:39:25','单项标准','请上传以下文件：\n1. 延伸认证情况说明文件'),(645,'10-历年法检查验管理台账',0,6,1,0,267,'2026-04-24 17:39:25','2026-04-24 17:39:25','单项标准','请上传：历年法检查验管理台账。'),(646,'11-历年抽查单证文件',0,6,1,0,267,'2026-04-24 17:39:25','2026-04-24 17:39:25','单项标准','请上传：历年抽查单证文件。'),(756,'一、加工贸易以及保税进出口业务',0,6,2,2,0,'2026-04-24 17:59:33','2026-04-24 17:59:33',NULL,NULL),(757,'二、卫生检疫业务',0,6,2,2,0,'2026-04-24 17:59:33','2026-04-24 17:59:33',NULL,NULL),(758,'三、动植物检疫业务',0,6,2,2,0,'2026-04-24 17:59:33','2026-04-24 17:59:33',NULL,NULL),(759,'五、进出口商品检验业务',0,6,2,2,0,'2026-04-24 17:59:33','2026-04-24 17:59:33',NULL,NULL),(760,'八、物流运输业务',0,6,2,2,0,'2026-04-24 17:59:33','2026-04-24 17:59:33',NULL,NULL),(761,'一、内部控制标准',0,2,2,2,0,'2026-04-24 17:59:33','2026-04-24 17:59:33',NULL,NULL),(762,'一、内部控制标准',0,4,2,2,0,'2026-04-24 17:59:33','2026-04-24 17:59:33',NULL,NULL),(763,'一、内部控制标准',0,3,2,2,0,'2026-04-24 17:59:33','2026-04-24 17:59:33',NULL,NULL),(764,'一、内部控制标准',0,5,2,2,0,'2026-04-24 17:59:33','2026-04-24 17:59:33',NULL,NULL),(765,'三、守法规范标准',0,5,2,2,0,'2026-04-24 17:59:33','2026-04-24 17:59:33',NULL,NULL),(766,'三、守法规范标准',0,4,2,2,0,'2026-04-24 17:59:33','2026-04-24 17:59:33',NULL,NULL),(767,'二、财务状况标准',0,1,2,2,0,'2026-04-24 17:59:33','2026-04-24 17:59:33',NULL,NULL),(768,'四、贸易安全标准',0,3,2,2,0,'2026-04-24 17:59:33','2026-04-24 17:59:33',NULL,NULL),(769,'四、贸易安全标准',0,2,2,2,0,'2026-04-24 17:59:33','2026-04-24 17:59:33',NULL,NULL),(770,'四、贸易安全标准',0,5,2,2,0,'2026-04-24 17:59:33','2026-04-24 17:59:33',NULL,NULL),(771,'四、贸易安全标准',0,4,2,2,0,'2026-04-24 17:59:33','2026-04-24 17:59:33',NULL,NULL),(772,'1-关企沟通联系合作',0,2,2,2,761,'2026-04-24 17:59:33','2026-04-24 17:59:35','人事',NULL),(773,'1-1-关企联系合作机制',0,2,2,2,772,'2026-04-24 17:59:33','2026-04-24 17:59:35','人事','请上传以下文件：\n1. 关企联系合作机制制度文件（涵盖公司与海关沟通合作的管理规范）\n2. 关企联系合作机制的年度更新版本（如有分年度版本，请按年份分别上传）'),(774,'1-2-岗位职责',0,2,2,2,772,'2026-04-24 17:59:33','2026-04-24 17:59:35','人事','请上传以下文件：\n1. 组织架构图\n2. 岗位任职条件与职责说明文件（含贸易安全相关岗位的职责描述）\n3. 关键岗位任命书（如贸易安全负责人、AEO联络员等任命文件）\n4. 如有多年版本，请按年份（公司存续年份）分别上传'),(775,'2-进出口单证',0,4,2,2,762,'2026-04-24 17:59:33','2026-04-24 17:59:35','关务',NULL),(776,'2-3-进出口单证复核制度',0,4,2,2,775,'2026-04-24 17:59:33','2026-04-24 17:59:35','关务','请上传以下文件：\n1. 进出口单证复核管理制度文件\n2. 各年度进出口单证复核操作记录（按年份分别上传，涵盖公司存续年份）\n3. 单证复核抽查记录（含报关单、装箱单、发票等原始单据抽查样本）'),(777,'2-4-进出口单证保管制度',0,4,2,2,775,'2026-04-24 17:59:33','2026-04-24 17:59:35','关务','请上传以下文件：\n1. 进出口单证保管管理制度文件\n2. 各年度单证保管抽查记录（含实际单证样本，按年度/期次上传，涵盖公司存续年份）\n注：单证类型包括但不限于报关单、提单、发票等，建议每年至少上传2个检查时间节点的记录'),(778,'2-5-禁止类产品合规审查制度',0,4,2,2,775,'2026-04-24 17:59:33','2026-04-24 17:59:35','关务','请上传以下文件：\n1. 禁止类产品合规审查制度文件（如有年度更新，按年份上传，涵盖公司存续年份）\n2. 禁限类产品公告及目录（国家主管部门发布的相关禁止进出口货物目录）\n3. 合规审查记录或自查表（可按年度归纳上传）'),(779,'2-6-企业认证电子资料档案',0,4,2,2,775,'2026-04-24 17:59:33','2026-04-24 17:59:35','关务','请上传以下文件：\n1. 企业认证电子资料档案汇编（包含AEO认证相关的授权文件、证书等电子存档）'),(780,'3-信息系统',0,3,2,2,763,'2026-04-24 17:59:33','2026-04-24 17:59:35','行政',NULL),(781,'3-7-信息系统说明',0,3,2,2,780,'2026-04-24 17:59:33','2026-04-24 17:59:35','行政','请上传以下文件：\n1. 各信息系统操作手册（如EIP系统、WMS仓储系统、JDY系统、金蝶K3等，按系统分别上传）\n2. 信息系统抽查记录（包含系统截图、进出库查询记录、异常报错记录等，按年度上传，涵盖公司存续年份）'),(782,'3-8-系统数据的保管',0,3,2,2,780,'2026-04-24 17:59:33','2026-04-24 17:59:35','行政','请上传以下文件：\n1. 信息安全管理手册 / IT数据保管制度（按版本年份上传，请上传当前有效版本）\n2. 系统数据保留期限截图（证明数据保存周期不少于3年，按时间段分别上传）'),(783,'3-9-信息安全管理制度',0,3,2,2,780,'2026-04-24 17:59:33','2026-04-24 17:59:35','行政','请上传以下文件：\n1. IT信息安全管理手册 / 员工手册（按版本年份上传）\n2. 密码管理策略记录（密码定期修改策略截图、密码到期修改记录）\n3. 机房门禁记录（按年度节点上传，如每年2个时间点，涵盖公司存续年份）\n4. 杀毒软件运行截图（按年度上传）'),(784,'4-内部审计和改进',0,5,2,2,764,'2026-04-24 17:59:33','2026-04-24 17:59:35','审计部',NULL),(785,'4-10-内部审计制度',0,5,2,2,784,'2026-04-24 17:59:34','2026-04-24 17:59:35','审计部','请上传以下文件：\n1. 内部审核制度文件（按版本年份上传，请上传当前有效版本）'),(786,'4-11-内审记录报告',0,5,2,2,784,'2026-04-24 17:59:34','2026-04-24 17:59:35','审计部','请上传以下文件：\n1. 各年度AEO内部审核报告（涵盖公司存续年度，部分年份有上下半年两份，请按年份/期次分别上传）\n   参考格式：yyyy AEO内审报告.pdf 或 yyyy-I / yyyy-II AEO内审报告.pdf'),(787,'4-12-改进和责任追究机制',0,5,2,2,784,'2026-04-24 17:59:34','2026-04-24 17:59:35','审计部','请上传以下文件：\n1. 内审改进机制文件（包含改进机制说明、内部审核不合格报告、纠正措施记录等）\n2. 责任追究制度文件（如员工手册实施细则中的责任追究部分）\n3. 关企联系合作报告流程文件'),(788,'6-遵守法律法规',0,5,2,2,765,'2026-04-24 17:59:34','2026-04-24 17:59:35','审计部',NULL),(789,'6-15-1-无犯罪记录管理层声明书',0,5,2,2,788,'2026-04-24 17:59:34','2026-04-24 17:59:35','审计部','请对照以下海关对于无犯罪记录的要求开展核查：\n1. 公司法定代表人、负责海关事务的高级管理人员（小村博之、川锅和弘）以及财务负责人、贸易安全负责人、报关业务负责人、AEO联络员是否在认证有效期内（近2年）存在刑事犯罪记录。\n2. 企业是否曾发生由于走私犯罪受过刑事处罚的情形。\n3. 请上传管理层对应的无犯罪记录声明书，需由相关负责人签署。'),(790,'6-16&17&18 报关单行政处罚合规',0,5,2,2,788,'2026-04-24 17:59:34','2026-04-24 17:59:35','审计部','请上传以下文件（对应原 6-16、6-17、6-18 审核项）：\n1. 企业行政处罚记录说明或各年度无行政处罚证明材料\n2. 被处罚报关单明细及对应的行政处罚决定书（如有）\n3. 法律法规遵守相关证明材料（如行政许可证、相关资质证书等）\n注：审核标准为行政处罚金额累计≤5万元，且被处罚报关单比例＜1‰'),(791,'7-进出口记录',0,4,2,2,766,'2026-04-24 17:59:34','2026-04-24 17:59:35','关务',NULL),(792,'7-19-1年内进出口活动证明',0,4,2,2,791,'2026-04-24 17:59:34','2026-04-24 17:59:35','关务','请上传以下文件：\n1. 1年内进出口活动证明（如海关进出口统计报表、报关记录汇总，或海关签发的证明文件）\n2. 如有不同年度版本，请按年份分别上传'),(793,'5-财务状况',0,1,2,2,767,'2026-04-24 17:59:34','2026-04-24 17:59:35','财务',NULL),(794,'5-13-审计报告',0,1,2,2,793,'2026-04-24 17:59:34','2026-04-24 17:59:35','财务','请上传以下文件：\n1. 各年度财务审计报告（涵盖公司存续年份，每年一份，由第三方会计师事务所出具）'),(795,'5-14-资产负债率情况',1,1,2,2,793,'2026-04-24 17:59:34','2026-04-24 17:59:35','财务','请上传以下文件：\n1. 各年度资产负债率数据说明文件（含资产负债表或财务分析报告，涵盖公司存续年份）\n2. 如有专项资产负债率计算说明，请一并上传'),(796,'11-经营场所安全',0,3,2,2,768,'2026-04-24 17:59:34','2026-04-24 17:59:35','行政',NULL),(797,'11-31-经营场所安全管理制度',0,3,2,2,796,'2026-04-24 17:59:34','2026-04-24 17:59:35','行政','请上传以下文件：\n1. 经营场所安全管理制度文件（含办公区、仓库、园区等区域的安全管理规范）\n2. 如有年度更新版本，请按年份分别上传'),(798,'11-32-经营场所建筑物',0,3,2,2,796,'2026-04-24 17:59:34','2026-04-24 17:59:35','行政','请上传以下文件：\n1. 经营场所建筑物照片或说明（含外观、围墙、门禁等设施的现场图片）\n2. 建筑物平面图或场所示意图\n3. 如有多个经营场所或多年度更新记录，请按场所/年份分别上传'),(799,'11-33-锁闭装置及钥匙保管',0,3,2,2,796,'2026-04-24 17:59:34','2026-04-24 17:59:35','行政','请上传以下文件：\n1. 锁闭装置及钥匙保管制度文件\n2. 锁闭装置实物照片（含门锁、密码锁、电子门禁等设施）\n3. 钥匙/门禁卡领用登记记录（按年度上传，涵盖公司存续年份）'),(800,'11-34-照明',0,3,2,2,796,'2026-04-24 17:59:34','2026-04-24 17:59:35','行政','请上传以下文件：\n1. 经营场所照明设施照片（含仓库内外、停车区域、门禁区域等）\n2. 照明检查记录或维护记录（按年度上传）'),(801,'11-35-车辆和人员进出管理',0,3,2,2,796,'2026-04-24 17:59:34','2026-04-24 17:59:35','行政','请上传以下文件：\n1. 车辆与人员进出管理制度文件\n2. 进出登记记录（如门卫签到表、车辆出入台账、门禁系统记录截图等，按年度上传，涵盖公司存续年份）\n3. 现场照片（如门卫亭、道闸、人行通道等设施）'),(802,'11-36-单证存放和仓储区域受控管理',0,3,2,2,796,'2026-04-24 17:59:34','2026-04-24 17:59:35','行政','请上传以下文件：\n1. 单证存放管理制度及仓储区域受控管理制度\n2. 单证存放区域实物照片（如文件柜、档案室等）\n3. 仓储区域管控措施说明或现场图片'),(803,'11-37-重要敏感区域视频监控',0,3,2,2,796,'2026-04-24 17:59:34','2026-04-24 17:59:35','行政','请上传以下文件：\n1. 视频监控系统说明（含监控点位分布图或照片）\n2. 监控录像保存制度及保存时长说明\n3. 监控系统运行状态截图或巡检记录（按年度上传）'),(804,'12-人员安全',0,2,2,2,769,'2026-04-24 17:59:34','2026-04-24 17:59:35','人事',NULL),(805,'12-38-员工入职离职管理',0,2,2,2,804,'2026-04-24 17:59:34','2026-04-24 17:59:35','人事','请上传以下文件：\n1. 员工入职管理制度文件（含入职前背景核查流程）\n2. 员工离职管理制度文件（含权限注销、资产归还等流程）\n3. 如有年度版本更新，请按年份分别上传'),(806,'12-39-新员工&安全敏感岗位背调',0,2,2,2,804,'2026-04-24 17:59:34','2026-04-24 17:59:35','人事','请上传以下文件：\n1. 新员工及安全敏感岗位背景调查制度文件\n2. 背调记录样本（如背调报告、员工授权书等，按年份归纳，涵盖公司存续年份）\n3. 安全敏感岗位名单或说明'),(807,'12-40-员工身份识别和离职员工取消授权',0,2,2,2,804,'2026-04-24 17:59:34','2026-04-24 17:59:35','人事','请上传以下文件：\n1. 员工身份识别管理制度（含工牌、门禁卡发放及管理规范）\n2. 离职员工权限注销记录（按年度上传，涵盖公司存续年份）\n3. 员工工牌或身份识别系统说明截图'),(808,'12-41-访客进出登记管理',0,2,2,2,804,'2026-04-24 17:59:34','2026-04-24 17:59:35','人事','请上传以下文件：\n1. 访客进出登记管理制度文件\n2. 访客登记记录表样本（按年度上传，涵盖公司存续年份）\n3. 访客接待区域或门卫处现场照片'),(809,'13-货物-物品安全',0,5,2,2,770,'2026-04-24 17:59:34','2026-04-24 17:59:35','审计部',NULL),(810,'13-42-货物-物品安全管理制度',0,5,2,2,809,'2026-04-24 17:59:34','2026-04-24 17:59:35','审计部','请上传以下文件：\n1. 货物与物品安全管理制度文件（含收货、发货、仓储全流程的安全管控规范）\n2. 如有年度版本更新，请按年份分别上传'),(811,'13-43-集装箱七点检查法',0,5,2,2,809,'2026-04-24 17:59:34','2026-04-24 17:59:35','审计部','请上传以下文件：\n1. 集装箱七点检查法操作规范文件\n2. 各年度集装箱七点检查记录（按年份上传，涵盖公司存续年份，建议每年至少2个时间节点）'),(812,'13-44-集装箱封条',0,5,2,2,809,'2026-04-24 17:59:34','2026-04-24 17:59:35','审计部','请上传以下文件：\n1. 集装箱封条管理制度文件\n2. 集装箱封条实物照片或使用记录（按年份上传，涵盖公司存续年份）'),(813,'13-45-集装箱存储制度',0,5,2,2,809,'2026-04-24 17:59:34','2026-04-24 17:59:35','审计部','请上传以下文件：\n1. 集装箱存储管理制度文件\n2. 相关年度集装箱存放区域照片或管理记录'),(814,'13-46-司机身份核实',0,5,2,2,809,'2026-04-24 17:59:34','2026-04-24 17:59:35','审计部','请上传以下文件：\n1. 司机身份核实管理制度文件\n2. 各年度司机身份核实记录（如核实登记表、驾照复印件存档等，按年份上传，涵盖公司存续年份）'),(815,'13-货物-物品安全',0,4,2,2,771,'2026-04-24 17:59:34','2026-04-24 17:59:36','关务',NULL),(816,'13-47-装运和接收货物物品',0,4,2,2,815,'2026-04-24 17:59:34','2026-04-24 17:59:36','关务','请上传以下文件：\n1. 货物装运与接收操作规范文件\n2. 各年度货物收发记录样本（如入库单、出库单、验货记录等，按年份上传，涵盖公司存续年份）'),(817,'13-48-货物-物品差异及报告程序',0,5,2,2,809,'2026-04-24 17:59:34','2026-04-24 17:59:36','审计部','请上传以下文件：\n1. 货物差异处理及报告程序文件（含差异发现、上报、处置全流程说明）\n2. 差异报告记录样本（如有）'),(818,'13-49-出口安全制度',0,5,2,2,809,'2026-04-24 17:59:34','2026-04-24 17:59:36','审计部','请上传以下文件：\n1. 出口安全管理制度文件（含出口货物安全控制的规范与流程）'),(819,'14-运输工具安全',0,3,2,2,768,'2026-04-24 17:59:34','2026-04-24 17:59:36','行政',NULL),(820,'14-50-运输工具安全管理制度',0,3,2,2,819,'2026-04-24 17:59:34','2026-04-24 17:59:36','行政','请上传以下文件：\n1. 运输工具安全管理制度文件（含车辆检查、维护、安全标准等管理规范）'),(821,'14-51-运输工具检查',0,3,2,2,819,'2026-04-24 17:59:34','2026-04-24 17:59:36','行政','请上传以下文件：\n1. 运输工具检查标准或操作规范文件\n2. 各年度车辆出车前安全检查记录（按年份上传，涵盖公司存续年份）\n3. 各年度车辆定期检查记录（如季度/年度车辆检查报告，按年份上传）'),(822,'14-52-运输工具存储制度',0,3,2,2,819,'2026-04-24 17:59:34','2026-04-24 17:59:36','行政','请上传以下文件：\n1. 运输工具存储管理制度文件（如运输部操作规范中的车辆停放与保管规定）'),(823,'14-53-安全培训',0,3,2,2,819,'2026-04-24 17:59:34','2026-04-24 17:59:36','行政','请上传以下文件：\n1. 运输安全相关制度文件（如运输部操作规范）\n2. 各年度运输安全培训记录（按月份/年份上传，涵盖公司存续年份）\n   注：培训记录请按年份归纳，每年按月度培训记录分别上传'),(824,'15-商业伙伴安全',0,5,2,2,770,'2026-04-24 17:59:34','2026-04-24 17:59:36','审计部',NULL),(825,'15-54-商业伙伴安全管理制度',0,5,2,2,824,'2026-04-24 17:59:34','2026-04-24 17:59:36','审计部','请上传以下文件：\n1. 商业伙伴安全管理制度文件（含对客户、供应商等合作伙伴的安全管控规范）'),(826,'15-55-全面评估',0,5,2,2,824,'2026-04-24 17:59:34','2026-04-24 17:59:36','审计部','请上传以下文件（分客户和供应商两类分别准备）：\n【客户类】\n1. 与客户有关的评估与监测程序说明文件\n2. 商业合作伙伴清单（按年份上传，涵盖公司存续年份）\n3. 客户调查表（按年份上传，涵盖公司存续年份）\n4. 客户评价表（按年份分别上传，按公司存续年份各一份）\n5. 贸易安全考评表\n【供应商类】\n6. 供应商（运输、报关等类别）调查表、评价表及考评表（按年份分别上传）'),(827,'15-56-优化贸易安全管理书面文件',0,5,2,2,824,'2026-04-24 17:59:34','2026-04-24 17:59:36','审计部','请上传以下文件：\n1. 与运输供应商签订的贸易安全补充协议\n2. 与报关供应商签订的贸易安全补充协议\n3. 向客户发送的贸易安全告知书（按客户分别上传，涵盖全部主要客户）'),(828,'15-57-监控检查',0,5,2,2,824,'2026-04-24 17:59:34','2026-04-24 17:59:36','审计部','请上传以下文件（分客户和供应商两类分别准备）：\n【客户类】\n1. 与客户监控检查相关的评估与监测程序说明\n2. 客户贸易安全考评表\n3. 客户评价表（按年份分别上传，涵盖公司存续年份）\n【供应商类】\n4. 运输供应商贸易安全考评表（按年份分别上传，涵盖公司存续年份）\n5. 报关供应商贸易安全考评表（按年份分别上传）\n6. 仓库供应商贸易安全考评表（按年份分别上传）'),(829,'16-海关业务和贸易安全培训',0,4,2,2,771,'2026-04-24 17:59:34','2026-04-24 17:59:36','关务',NULL),(830,'16-58-法律法规和贸易安全内部培训制度',0,4,2,2,829,'2026-04-24 17:59:34','2026-04-24 17:59:36','关务','请上传以下文件：\n1. 人力资源管理程序（含员工培训相关规定，按版本年份上传，请上传当前有效版本）\n2. 各年度内部培训计划（按年份分别上传，按公司存续年份各一份）'),(831,'16-59-海关法律法规培训',0,4,2,2,829,'2026-04-24 17:59:34','2026-04-24 17:59:36','关务','请上传以下文件：\n1. 人力资源管理程序（按版本年份上传）\n2. 各次培训记录表（区分员工培训和内审员培训，按培训日期分别上传，涵盖公司存续年份）'),(832,'16-60-货物安全培训',0,4,2,2,829,'2026-04-24 17:59:34','2026-04-24 17:59:36','关务','请上传以下文件：\n1. 仓库安全管理手册 / 运输部操作规范（按版本年份上传）\n2. 运输安全培训记录（按月份上传，涵盖公司存续年份）\n3. 仓库安全培训记录（按年度上传，涵盖公司存续年份）\n   注：培训记录请按年份分别整理归纳后上传'),(833,'16-61-危机管理培训',0,4,2,2,829,'2026-04-24 17:59:34','2026-04-24 17:59:36','关务','请上传以下文件：\n1. 危机管理相关制度文件（含应急预案，如火灾、台风、地震、车辆故障等应急预案，以及自然灾害应急手册）\n2. 各年度危机管理培训记录（按年份分别上传，涵盖公司存续年份）'),(834,'16-62-信息安全培训',0,4,2,2,829,'2026-04-24 17:59:34','2026-04-24 17:59:36','关务','请上传以下文件：\n1. IT信息安全管理手册（按版本年份上传）\n2. 各次信息安全培训记录（按培训日期分别上传，涵盖公司存续年份，含员工信息安全培训及网络安全培训）'),(835,'4-4-1-管理制度',0,6,2,2,758,'2026-04-24 17:59:34','2026-04-24 17:59:36','单项标准',NULL),(836,'4-4-1-管理制度',0,6,2,2,835,'2026-04-24 17:59:34','2026-04-24 17:59:36','单项标准','请上传：1. 仓库操作部木质包装管理制度\n2. 客户服务部进出境商检与进出口法检制度'),(837,'4-4-3-抽查单证',0,6,2,2,835,'2026-04-24 17:59:34','2026-04-24 17:59:36','单项标准','请上传：历年抽查单证相关文件。'),(838,'4-4-4-熏蒸板记录',0,6,2,2,835,'2026-04-24 17:59:34','2026-04-24 17:59:36','单项标准','请上传：1. 空置熏蒸板存放区文件\n2. 整进整出熏蒸板记录文件'),(839,'2-特殊物品单证',0,6,2,2,757,'2026-04-24 17:59:34','2026-04-24 17:59:36','单项标准','请上传：历年特殊物品单证文件夹'),(840,'3-特殊物品安全管理制度',0,6,2,2,757,'2026-04-24 17:59:34','2026-04-24 17:59:36','单项标准','请上传：1. 特殊物品-温控货物操作指导手册\n2. 单证归档管理制度（电子）\n3. 单证归档管理制度（纸质）'),(841,'1-1-进出口单证及复核制度文件',0,6,2,2,756,'2026-04-24 17:59:34','2026-04-24 17:59:36','单项标准','请上传：1. 客户服务部单证复核流程\n2. 单证归档管理制度（电子）\n3. 单证归档管理制度（纸质）'),(842,'4-4-2-进境商检查验管理台账',0,6,2,2,835,'2026-04-24 17:59:34','2026-04-24 17:59:36','单项标准','请上传：历年进境商检查验管理台账记录。'),(843,'9-法检制度',0,6,2,2,759,'2026-04-24 17:59:34','2026-04-24 17:59:36','单项标准','请上传进出境商检与进出口法检管理制度文件。'),(844,'运输工具管理制度',0,6,2,2,760,'2026-04-24 17:59:34','2026-04-24 17:59:36','单项标准','请上传运输工具管理相关的操作规范或制度文件（如运输部操作规范）。'),(845,'运输工具行驶轨迹',0,6,2,2,760,'2026-04-24 17:59:34','2026-04-24 17:59:36','单项标准',NULL),(846,'21-1-定位系统车载终端管理制度',0,6,2,2,845,'2026-04-24 17:59:34','2026-04-24 17:59:36','单项标准','请上传定位系统车载终端管理制度文件。'),(847,'21-2-车辆行驶轨迹监控记录',0,6,2,2,845,'2026-04-24 17:59:34','2026-04-24 17:59:36','单项标准','请上传各年度车辆行驶轨迹监控数据及汇总台账。'),(848,'22-1-运输工具与驾驶人员匹配管理制度',0,6,2,2,760,'2026-04-24 17:59:34','2026-04-24 17:59:36','单项标准',NULL),(849,'22-1-运输工具与驾驶人员匹配管理制度',0,6,2,2,848,'2026-04-24 17:59:34','2026-04-24 17:59:36','单项标准','请上传驾驶员安全管理制度、司机提货流程及身份检查规范。'),(850,'22-2-台账记录',0,6,2,2,848,'2026-04-24 17:59:34','2026-04-24 17:59:36','单项标准','请上传车辆信息表、各年度提送货车辆进出登记台账。'),(851,'11-单证复核及系统逻辑检验',0,6,2,2,300,'2026-04-24 17:59:34','2026-04-24 17:59:34','单项标准',NULL),(852,'1-1-进出口单证及复核制度文件',0,6,2,2,851,'2026-04-24 17:59:34','2026-04-24 17:59:36','单项标准','请上传以下文件：\n1. 进出口单证及复核制度文件'),(853,'1-2-系统复审界面截屏',0,6,2,2,851,'2026-04-24 17:59:34','2026-04-24 17:59:36','单项标准','请上传以下文件：\n1. 系统复审界面截屏'),(854,'1-3-历年退改单率统计',0,6,2,2,851,'2026-04-24 17:59:34','2026-04-24 17:59:36','单项标准','请上传以下文件：\n1. 历年退改单率统计'),(855,'1-4-历年单一窗口数据取值截屏',0,6,2,2,851,'2026-04-24 17:59:34','2026-04-24 17:59:36','单项标准','请上传以下文件：\n1. 历年单一窗口数据取值截屏'),(856,'1-5-系统逻辑检验截屏',0,6,2,2,851,'2026-04-24 17:59:34','2026-04-24 17:59:36','单项标准','请上传以下文件：\n1. 系统逻辑检验截屏'),(857,'1-6-历年单证抽取记录',0,6,2,2,851,'2026-04-24 17:59:35','2026-04-24 17:59:36','单项标准','请上传以下文件：\n1. 历年单证抽取记录，包括出口、出境、进口、进境'),(858,'12-海关法律法规培训',0,6,2,2,300,'2026-04-24 17:59:35','2026-04-24 17:59:35','单项标准',NULL),(859,'2-7-海关法律法规培训管理办法',0,6,2,2,858,'2026-04-24 17:59:35','2026-04-24 17:59:36','单项标准','请上传以下文件：\n1. 海关法律法规培训管理办法'),(860,'2-8-客户海关法律法规培训签到记录和培训课件',0,6,2,2,858,'2026-04-24 17:59:35','2026-04-24 17:59:36','单项标准','请上传以下文件：\n1. 客户海关法律法规培训签到记录和培训课件'),(861,'13-延伸认证',0,6,2,2,300,'2026-04-24 17:59:35','2026-04-24 17:59:35','单项标准',NULL),(862,'3-9-延伸认证情况说明文件',0,6,2,2,861,'2026-04-24 17:59:35','2026-04-24 17:59:36','单项标准','请上传以下文件：\n1. 延伸认证情况说明文件'),(863,'10-历年法检查验管理台账',0,6,2,2,759,'2026-04-24 17:59:35','2026-04-24 17:59:36','单项标准','请上传：历年法检查验管理台账。'),(864,'11-历年抽查单证文件',0,6,2,2,759,'2026-04-24 17:59:35','2026-04-24 17:59:36','单项标准','请上传：历年抽查单证文件。'),(866,'测试通过',0,1,1,2,795,'2026-04-25 00:39:50','2026-04-25 00:39:50',NULL,NULL),(867,'测试不通过',1,1,1,2,795,'2026-04-25 01:27:25','2026-04-25 01:27:25',NULL,NULL);
/*!40000 ALTER TABLE `folders` ENABLE KEYS */;
UNLOCK TABLES;

--
-- Table structure for table `folder_closure`
--

DROP TABLE IF EXISTS `folder_closure`;
/*!40101 SET @saved_cs_client     = @@character_set_client */;
/*!40101 SET character_set_client = utf8 */;
CREATE TABLE `folder_closure` (
  `ancestor` bigint(20) NOT NULL COMMENT '父级ID',
  `descendant` bigint(20) NOT NULL COMMENT '子集 ID',
  `distance` tinyint(4) NOT NULL COMMENT '层级',
  PRIMARY KEY (`ancestor`,`descendant`),
  KEY `folder_closure_ancestor_index` (`ancestor`),
  KEY `folder_closure_descendant_index` (`descendant`),
  KEY `folder_closure_distance_index` (`distance`)
) ENGINE=InnoDB DEFAULT CHARSET=utf8mb4 COLLATE=utf8mb4_unicode_ci;
/*!40101 SET character_set_client = @saved_cs_client */;

--
-- Dumping data for table `folder_closure`
--

LOCK TABLES `folder_closure` WRITE;
/*!40000 ALTER TABLE `folder_closure` DISABLE KEYS */;
INSERT INTO `folder_closure` VALUES (264,264,0),(265,265,0),(266,266,0),(267,267,0),(268,268,0),(286,286,0),(287,287,0),(288,288,0),(289,289,0),(290,290,0),(291,291,0),(292,292,0),(293,293,0),(294,294,0),(295,295,0),(296,296,0),(297,297,0),(298,298,0),(299,299,0),(300,300,0),(301,301,0),(302,302,0),(303,303,0),(304,304,0),(305,305,0),(306,306,0),(307,307,0),(308,308,0),(309,309,0),(310,310,0),(311,311,0),(312,312,0),(313,313,0),(314,314,0),(315,315,0),(316,316,0),(317,317,0),(318,318,0),(319,319,0),(320,320,0),(321,321,0),(322,322,0),(323,323,0),(324,324,0),(325,325,0),(326,326,0),(327,327,0),(328,328,0),(329,329,0),(330,330,0),(331,331,0),(332,332,0),(333,333,0),(334,334,0),(335,335,0),(336,336,0),(337,337,0),(338,338,0),(339,339,0),(340,340,0),(341,341,0),(342,342,0),(343,343,0),(344,344,0),(345,345,0),(346,346,0),(347,347,0),(348,348,0),(349,349,0),(350,350,0),(351,351,0),(352,352,0),(353,353,0),(354,354,0),(355,355,0),(356,356,0),(357,357,0),(358,358,0),(359,359,0),(360,360,0),(361,361,0),(362,362,0),(363,363,0),(364,364,0),(365,365,0),(366,366,0),(367,367,0),(368,368,0),(369,369,0),(370,370,0),(371,371,0),(372,372,0),(373,373,0),(374,374,0),(375,375,0),(376,376,0),(377,377,0),(378,378,0),(379,379,0),(500,500,0),(504,504,0),(510,510,0),(515,515,0),(520,520,0),(524,524,0),(527,527,0),(531,531,0),(540,540,0),(546,546,0),(553,553,0),(554,554,0),(555,555,0),(556,556,0),(557,557,0),(558,558,0),(559,559,0),(560,560,0),(561,561,0),(562,562,0),(563,563,0),(564,564,0),(565,565,0),(566,566,0),(567,567,0),(568,568,0),(569,569,0),(570,570,0),(571,571,0),(572,572,0),(573,573,0),(574,574,0),(575,575,0),(576,576,0),(577,577,0),(578,578,0),(579,579,0),(580,580,0),(581,581,0),(582,582,0),(583,583,0),(584,584,0),(585,585,0),(586,586,0),(587,587,0),(588,588,0),(589,589,0),(590,590,0),(591,591,0),(592,592,0),(593,593,0),(594,594,0),(595,595,0),(596,596,0),(597,597,0),(598,598,0),(599,599,0),(600,600,0),(601,601,0),(602,602,0),(603,603,0),(604,604,0),(605,605,0),(606,606,0),(607,607,0),(608,608,0),(609,609,0),(610,610,0),(611,611,0),(612,612,0),(613,613,0),(614,614,0),(615,615,0),(616,616,0),(617,617,0),(618,618,0),(619,619,0),(620,620,0),(621,621,0),(622,622,0),(623,623,0),(624,624,0),(625,625,0),(626,626,0),(627,627,0),(628,628,0),(629,629,0),(630,630,0),(631,631,0),(632,632,0),(633,633,0),(634,634,0),(635,635,0),(636,636,0),(637,637,0),(638,638,0),(639,639,0),(640,640,0),(641,641,0),(642,642,0),(643,643,0),(644,644,0),(645,645,0),(646,646,0),(647,647,0),(648,648,0),(649,649,0),(650,650,0),(651,651,0),(652,652,0),(653,653,0),(654,654,0),(655,655,0),(656,656,0),(657,657,0),(658,658,0),(659,659,0),(660,660,0),(661,661,0),(662,662,0),(663,663,0),(664,664,0),(665,665,0),(666,666,0),(667,667,0),(668,668,0),(669,669,0),(670,670,0),(671,671,0),(672,672,0),(673,673,0),(674,674,0),(675,675,0),(676,676,0),(677,677,0),(678,678,0),(679,679,0),(680,680,0),(681,681,0),(682,682,0),(683,683,0),(684,684,0),(685,685,0),(686,686,0),(687,687,0),(688,688,0),(689,689,0),(690,690,0),(691,691,0),(692,692,0),(693,693,0),(694,694,0),(695,695,0),(696,696,0),(697,697,0),(698,698,0),(699,699,0),(700,700,0),(701,701,0),(702,702,0),(703,703,0),(704,704,0),(705,705,0),(706,706,0),(707,707,0),(708,708,0),(709,709,0),(710,710,0),(711,711,0),(712,712,0),(713,713,0),(714,714,0),(715,715,0),(716,716,0),(717,717,0),(718,718,0),(719,719,0),(720,720,0),(721,721,0),(722,722,0),(723,723,0),(724,724,0),(725,725,0),(726,726,0),(727,727,0),(728,728,0),(729,729,0),(730,730,0),(731,731,0),(732,732,0),(733,733,0),(734,734,0),(735,735,0),(736,736,0),(737,737,0),(738,738,0),(739,739,0),(740,740,0),(741,741,0),(742,742,0),(743,743,0),(744,744,0),(745,745,0),(746,746,0),(747,747,0),(748,748,0),(749,749,0),(750,750,0),(751,751,0),(752,752,0),(753,753,0),(754,754,0),(755,755,0),(756,756,0),(757,757,0),(758,758,0),(759,759,0),(760,760,0),(761,761,0),(762,762,0),(763,763,0),(764,764,0),(765,765,0),(766,766,0),(767,767,0),(768,768,0),(769,769,0),(770,770,0),(771,771,0),(772,772,0),(773,773,0),(774,774,0),(775,775,0),(776,776,0),(777,777,0),(778,778,0),(779,779,0),(780,780,0),(781,781,0),(782,782,0),(783,783,0),(784,784,0),(785,785,0),(786,786,0),(787,787,0),(788,788,0),(789,789,0),(790,790,0),(791,791,0),(792,792,0),(793,793,0),(794,794,0),(795,795,0),(796,796,0),(797,797,0),(798,798,0),(799,799,0),(800,800,0),(801,801,0),(802,802,0),(803,803,0),(804,804,0),(805,805,0),(806,806,0),(807,807,0),(808,808,0),(809,809,0),(810,810,0),(811,811,0),(812,812,0),(813,813,0),(814,814,0),(815,815,0),(816,816,0),(817,817,0),(818,818,0),(819,819,0),(820,820,0),(821,821,0),(822,822,0),(823,823,0),(824,824,0),(825,825,0),(826,826,0),(827,827,0),(828,828,0),(829,829,0),(830,830,0),(831,831,0),(832,832,0),(833,833,0),(834,834,0),(835,835,0),(836,836,0),(837,837,0),(838,838,0),(839,839,0),(840,840,0),(841,841,0),(842,842,0),(843,843,0),(844,844,0),(845,845,0),(846,846,0),(847,847,0),(848,848,0),(849,849,0),(850,850,0),(851,851,0),(852,852,0),(853,853,0),(854,854,0),(855,855,0),(856,856,0),(857,857,0),(858,858,0),(859,859,0),(860,860,0),(861,861,0),(862,862,0),(863,863,0),(864,864,0),(866,866,0),(867,867,0),(264,623,1),(265,621,1),(265,622,1),(266,617,1),(267,625,1),(267,645,1),(267,646,1),(268,626,1),(268,627,1),(268,630,1),(286,287,1),(286,288,1),(289,290,1),(289,291,1),(289,292,1),(289,293,1),(294,295,1),(294,296,1),(294,297,1),(298,299,1),(298,300,1),(298,301,1),(298,379,1),(300,365,1),(300,372,1),(300,375,1),(300,633,1),(300,640,1),(300,643,1),(300,742,1),(300,749,1),(300,752,1),(300,851,1),(300,858,1),(300,861,1),(302,303,1),(302,304,1),(305,306,1),(307,308,1),(307,309,1),(310,311,1),(310,312,1),(310,313,1),(310,314,1),(310,315,1),(310,316,1),(310,317,1),(318,319,1),(318,320,1),(318,321,1),(318,322,1),(323,324,1),(323,325,1),(323,326,1),(323,327,1),(323,328,1),(323,331,1),(323,332,1),(329,330,1),(333,334,1),(333,335,1),(333,336,1),(333,337,1),(338,339,1),(338,340,1),(338,341,1),(338,342,1),(343,344,1),(343,345,1),(343,346,1),(343,347,1),(343,348,1),(349,350,1),(349,351,1),(349,352,1),(349,356,1),(359,360,1),(359,361,1),(362,363,1),(362,364,1),(365,366,1),(365,367,1),(365,368,1),(365,369,1),(365,370,1),(365,371,1),(372,373,1),(372,374,1),(375,376,1),(500,554,1),(504,557,1),(510,562,1),(515,566,1),(520,570,1),(524,573,1),(527,575,1),(531,578,1),(531,601,1),(540,586,1),(546,591,1),(546,606,1),(553,597,1),(553,611,1),(554,555,1),(554,556,1),(557,558,1),(557,559,1),(557,560,1),(557,561,1),(562,563,1),(562,564,1),(562,565,1),(566,567,1),(566,568,1),(566,569,1),(570,571,1),(570,572,1),(573,574,1),(575,576,1),(575,577,1),(578,579,1),(578,580,1),(578,581,1),(578,582,1),(578,583,1),(578,584,1),(578,585,1),(586,587,1),(586,588,1),(586,589,1),(586,590,1),(591,592,1),(591,593,1),(591,594,1),(591,595,1),(591,596,1),(591,599,1),(591,600,1),(597,598,1),(601,602,1),(601,603,1),(601,604,1),(601,605,1),(606,607,1),(606,608,1),(606,609,1),(606,610,1),(611,612,1),(611,613,1),(611,614,1),(611,615,1),(611,616,1),(617,618,1),(617,619,1),(617,620,1),(617,624,1),(627,628,1),(627,629,1),(630,631,1),(630,632,1),(633,634,1),(633,635,1),(633,636,1),(633,637,1),(633,638,1),(633,639,1),(640,641,1),(640,642,1),(643,644,1),(647,732,1),(648,730,1),(648,731,1),(649,726,1),(650,734,1),(650,754,1),(650,755,1),(651,735,1),(651,736,1),(651,739,1),(652,663,1),(653,666,1),(654,671,1),(655,675,1),(656,679,1),(657,682,1),(658,684,1),(659,687,1),(659,710,1),(660,695,1),(661,700,1),(661,715,1),(662,706,1),(662,720,1),(663,664,1),(663,665,1),(666,667,1),(666,668,1),(666,669,1),(666,670,1),(671,672,1),(671,673,1),(671,674,1),(675,676,1),(675,677,1),(675,678,1),(679,680,1),(679,681,1),(682,683,1),(684,685,1),(684,686,1),(687,688,1),(687,689,1),(687,690,1),(687,691,1),(687,692,1),(687,693,1),(687,694,1),(695,696,1),(695,697,1),(695,698,1),(695,699,1),(700,701,1),(700,702,1),(700,703,1),(700,704,1),(700,705,1),(700,708,1),(700,709,1),(706,707,1),(710,711,1),(710,712,1),(710,713,1),(710,714,1),(715,716,1),(715,717,1),(715,718,1),(715,719,1),(720,721,1),(720,722,1),(720,723,1),(720,724,1),(720,725,1),(726,727,1),(726,728,1),(726,729,1),(726,733,1),(736,737,1),(736,738,1),(739,740,1),(739,741,1),(742,743,1),(742,744,1),(742,745,1),(742,746,1),(742,747,1),(742,748,1),(749,750,1),(749,751,1),(752,753,1),(756,841,1),(757,839,1),(757,840,1),(758,835,1),(759,843,1),(759,863,1),(759,864,1),(760,844,1),(760,845,1),(760,848,1),(761,772,1),(762,775,1),(763,780,1),(764,784,1),(765,788,1),(766,791,1),(767,793,1),(768,796,1),(768,819,1),(769,804,1),(770,809,1),(770,824,1),(771,815,1),(771,829,1),(772,773,1),(772,774,1),(775,776,1),(775,777,1),(775,778,1),(775,779,1),(780,781,1),(780,782,1),(780,783,1),(784,785,1),(784,786,1),(784,787,1),(788,789,1),(788,790,1),(791,792,1),(793,794,1),(793,795,1),(795,866,1),(795,867,1),(796,797,1),(796,798,1),(796,799,1),(796,800,1),(796,801,1),(796,802,1),(796,803,1),(804,805,1),(804,806,1),(804,807,1),(804,808,1),(809,810,1),(809,811,1),(809,812,1),(809,813,1),(809,814,1),(809,817,1),(809,818,1),(815,816,1),(819,820,1),(819,821,1),(819,822,1),(819,823,1),(824,825,1),(824,826,1),(824,827,1),(824,828,1),(829,830,1),(829,831,1),(829,832,1),(829,833,1),(829,834,1),(835,836,1),(835,837,1),(835,838,1),(835,842,1),(845,846,1),(845,847,1),(848,849,1),(848,850,1),(851,852,1),(851,853,1),(851,854,1),(851,855,1),(851,856,1),(851,857,1),(858,859,1),(858,860,1),(861,862,1),(266,618,2),(266,619,2),(266,620,2),(266,624,2),(268,628,2),(268,629,2),(268,631,2),(268,632,2),(298,365,2),(298,372,2),(298,375,2),(298,633,2),(298,640,2),(298,643,2),(300,366,2),(300,367,2),(300,368,2),(300,369,2),(300,370,2),(300,371,2),(300,373,2),(300,374,2),(300,376,2),(300,634,2),(300,635,2),(300,636,2),(300,637,2),(300,638,2),(300,639,2),(300,641,2),(300,642,2),(300,644,2),(300,743,2),(300,744,2),(300,745,2),(300,746,2),(300,747,2),(300,748,2),(300,750,2),(300,751,2),(300,753,2),(300,852,2),(300,853,2),(300,854,2),(300,855,2),(300,856,2),(300,857,2),(300,859,2),(300,860,2),(300,862,2),(500,555,2),(500,556,2),(504,558,2),(504,559,2),(504,560,2),(504,561,2),(510,563,2),(510,564,2),(510,565,2),(515,567,2),(515,568,2),(515,569,2),(520,571,2),(520,572,2),(524,574,2),(527,576,2),(527,577,2),(531,579,2),(531,580,2),(531,581,2),(531,582,2),(531,583,2),(531,584,2),(531,585,2),(531,602,2),(531,603,2),(531,604,2),(531,605,2),(540,587,2),(540,588,2),(540,589,2),(540,590,2),(546,592,2),(546,593,2),(546,594,2),(546,595,2),(546,596,2),(546,599,2),(546,600,2),(546,607,2),(546,608,2),(546,609,2),(546,610,2),(553,598,2),(553,612,2),(553,613,2),(553,614,2),(553,615,2),(553,616,2),(649,727,2),(649,728,2),(649,729,2),(649,733,2),(651,737,2),(651,738,2),(651,740,2),(651,741,2),(652,664,2),(652,665,2),(653,667,2),(653,668,2),(653,669,2),(653,670,2),(654,672,2),(654,673,2),(654,674,2),(655,676,2),(655,677,2),(655,678,2),(656,680,2),(656,681,2),(657,683,2),(658,685,2),(658,686,2),(659,688,2),(659,689,2),(659,690,2),(659,691,2),(659,692,2),(659,693,2),(659,694,2),(659,711,2),(659,712,2),(659,713,2),(659,714,2),(660,696,2),(660,697,2),(660,698,2),(660,699,2),(661,701,2),(661,702,2),(661,703,2),(661,704,2),(661,705,2),(661,708,2),(661,709,2),(661,716,2),(661,717,2),(661,718,2),(661,719,2),(662,707,2),(662,721,2),(662,722,2),(662,723,2),(662,724,2),(662,725,2),(758,836,2),(758,837,2),(758,838,2),(758,842,2),(760,846,2),(760,847,2),(760,849,2),(760,850,2),(761,773,2),(761,774,2),(762,776,2),(762,777,2),(762,778,2),(762,779,2),(763,781,2),(763,782,2),(763,783,2),(764,785,2),(764,786,2),(764,787,2),(765,789,2),(765,790,2),(766,792,2),(767,794,2),(767,795,2),(768,797,2),(768,798,2),(768,799,2),(768,800,2),(768,801,2),(768,802,2),(768,803,2),(768,820,2),(768,821,2),(768,822,2),(768,823,2),(769,805,2),(769,806,2),(769,807,2),(769,808,2),(770,810,2),(770,811,2),(770,812,2),(770,813,2),(770,814,2),(770,817,2),(770,818,2),(770,825,2),(770,826,2),(770,827,2),(770,828,2),(771,816,2),(771,830,2),(771,831,2),(771,832,2),(771,833,2),(771,834,2),(793,866,2),(793,867,2),(298,366,3),(298,367,3),(298,368,3),(298,369,3),(298,370,3),(298,371,3),(298,373,3),(298,374,3),(298,376,3),(298,634,3),(298,635,3),(298,636,3),(298,637,3),(298,638,3),(298,639,3),(298,641,3),(298,642,3),(298,644,3),(767,866,3),(767,867,3);
/*!40000 ALTER TABLE `folder_closure` ENABLE KEYS */;
UNLOCK TABLES;

--
-- Table structure for table `folder_check_files`
--

DROP TABLE IF EXISTS `folder_check_files`;
/*!40101 SET @saved_cs_client     = @@character_set_client */;
/*!40101 SET character_set_client = utf8 */;
CREATE TABLE `folder_check_files` (
  `id` bigint(20) unsigned NOT NULL AUTO_INCREMENT,
  `file_name` varchar(255) COLLATE utf8mb4_unicode_ci DEFAULT NULL,
  `folder_id` int(10) unsigned NOT NULL COMMENT '文件夹id',
  `check_name` varchar(255) COLLATE utf8mb4_unicode_ci NOT NULL COMMENT '检测项目',
  `check_type` tinyint(4) NOT NULL DEFAULT '2' COMMENT '1 需要检测  2 上传就通过',
  `check_text` varchar(1000) COLLATE utf8mb4_unicode_ci DEFAULT NULL COMMENT '检测内容',
  `created_at` datetime DEFAULT NULL,
  `updated_at` datetime DEFAULT NULL,
  `folder_name` varchar(255) COLLATE utf8mb4_unicode_ci DEFAULT NULL,
  `standard_id` int(11) DEFAULT NULL COMMENT '准则ID(1-6)',
  `master_id` int(10) unsigned NOT NULL DEFAULT '0',
  `audit_status` tinyint(4) DEFAULT '0' COMMENT '审核状态',
  PRIMARY KEY (`id`),
  KEY `master_id` (`master_id`)
) ENGINE=InnoDB AUTO_INCREMENT=293 DEFAULT CHARSET=utf8mb4 COLLATE=utf8mb4_unicode_ci;
/*!40101 SET character_set_client = @saved_cs_client */;

--
-- Dumping data for table `folder_check_files`
--

LOCK TABLES `folder_check_files` WRITE;
/*!40000 ALTER TABLE `folder_check_files` DISABLE KEYS */;
INSERT INTO `folder_check_files` VALUES (74,NULL,555,'关企沟通联系合作 、 关企联系合作机制',2,'“关企联系工作”或“关企联系合作机制”','2026-04-24 17:39:25','2026-04-24 17:39:25','关企沟通联系合作 、 关企联系合作机制',2,0,0),(75,NULL,556,'关企沟通联系合作 、 岗位职责',2,'“贸易安全”','2026-04-24 17:39:25','2026-04-24 17:39:25','关企沟通联系合作 、 岗位职责',2,0,0),(76,NULL,558,'进出口单证 、 进出口单证复核制度',2,'“单证复核流程”','2026-04-24 17:39:25','2026-04-24 17:39:25','进出口单证 、 进出口单证复核制度',4,0,0),(77,NULL,559,'进出口单证 、 进出口单证保管制度',2,'“单证归档”','2026-04-24 17:39:25','2026-04-24 17:39:25','进出口单证 、 进出口单证保管制度',4,0,0),(78,NULL,560,'进出口单证 、 禁止类产品合规审查制度',2,'“HS CODE/原产国/MSDS/货物性质”、“安全准入”、“禁止类产品合规审查”','2026-04-24 17:39:25','2026-04-24 17:39:25','进出口单证 、 禁止类产品合规审查制度',4,0,0),(79,NULL,561,'进出口单证 、 企业认证电子资料档案',3,'','2026-04-24 17:39:25','2026-04-24 17:39:25','进出口单证 、 企业认证电子资料档案',4,0,0),(80,NULL,563,'信息系统 、 信息系统说明',3,'','2026-04-24 17:39:25','2026-04-24 17:39:25','信息系统 、 信息系统说明',3,0,0),(81,NULL,564,'信息系统 、 系统数据的保管',3,'','2026-04-24 17:39:25','2026-04-24 17:39:25','信息系统 、 系统数据的保管',3,0,0),(82,NULL,565,'信息系统 、 信息安全管理制度',2,'“信息安全管理”、“员工手册”','2026-04-24 17:39:25','2026-04-24 17:39:25','信息系统 、 信息安全管理制度',3,0,0),(83,NULL,567,'内部审计和改进 、 内部审计制度',3,'','2026-04-24 17:39:25','2026-04-24 17:39:25','内部审计和改进 、 内部审计制度',5,0,0),(84,NULL,568,'内部审计和改进 、 内审记录报告',3,'','2026-04-24 17:39:25','2026-04-24 17:39:25','内部审计和改进 、 内审记录报告',5,0,0),(85,NULL,569,'内部审计和改进 、 改进和责任追究机制',3,'','2026-04-24 17:39:25','2026-04-24 17:39:25','内部审计和改进 、 改进和责任追究机制',5,0,0),(86,NULL,571,'遵守法律法规 、 6-15-1 无犯罪记录管理层声明书',1,'-','2026-04-24 17:39:25','2026-04-24 17:39:25','遵守法律法规 、 6-15-1 无犯罪记录管理层声明书',5,0,0),(87,NULL,572,'6-16&17&18 报关单行政处罚合规',1,'-','2026-04-24 17:39:25','2026-04-24 17:39:25','6-16&17&18 报关单行政处罚合规',5,0,0),(88,NULL,574,'进出口记录 、 1年内进出口活动证明',3,'','2026-04-24 17:39:25','2026-04-24 17:39:25','进出口记录 、 1年内进出口活动证明',4,0,0),(89,NULL,576,'财务状况 、 审计报告',1,'-','2026-04-24 17:39:25','2026-04-24 17:39:25','财务状况 、 审计报告',1,0,0),(90,NULL,577,'财务状况 、 资产负债率情况',1,'-','2026-04-24 17:39:25','2026-04-24 17:39:25','财务状况 、 资产负债率情况',1,0,0),(91,NULL,579,'经营场所安全 、 经营场所安全管理制度',3,'','2026-04-24 17:39:25','2026-04-24 17:39:25','经营场所安全 、 经营场所安全管理制度',3,0,0),(92,NULL,580,'经营场所安全 、 经营场所建筑物',3,'','2026-04-24 17:39:25','2026-04-24 17:39:25','经营场所安全 、 经营场所建筑物',3,0,0),(93,NULL,581,'经营场所安全 、 锁闭装置及钥匙保管',3,'','2026-04-24 17:39:26','2026-04-24 17:39:26','经营场所安全 、 锁闭装置及钥匙保管',3,0,0),(94,NULL,582,'经营场所安全 、 照明',3,'','2026-04-24 17:39:26','2026-04-24 17:39:26','经营场所安全 、 照明',3,0,0),(95,NULL,583,'经营场所安全 、 车辆和人员进出管理',3,'','2026-04-24 17:39:26','2026-04-24 17:39:26','经营场所安全 、 车辆和人员进出管理',3,0,0),(96,NULL,584,'经营场所安全 、 单证存放和仓储区域受控管理',3,'','2026-04-24 17:39:26','2026-04-24 17:39:26','经营场所安全 、 单证存放和仓储区域受控管理',3,0,0),(97,NULL,585,'经营场所安全 、 重要敏感区域视频监控',3,'','2026-04-24 17:39:26','2026-04-24 17:39:26','经营场所安全 、 重要敏感区域视频监控',3,0,0),(98,NULL,587,'人员安全 、 员工入职离职管理',3,'','2026-04-24 17:39:26','2026-04-24 17:39:26','人员安全 、 员工入职离职管理',2,0,0),(99,NULL,588,'人员安全 、 新员工&安全敏感岗位背调',3,'','2026-04-24 17:39:26','2026-04-24 17:39:26','人员安全 、 新员工&安全敏感岗位背调',2,0,0),(100,NULL,589,'人员安全 、 员工身份识别和离职员工取消授权',3,'','2026-04-24 17:39:26','2026-04-24 17:39:26','人员安全 、 员工身份识别和离职员工取消授权',2,0,0),(101,NULL,590,'人员安全 、 访客进出登记管理',3,'','2026-04-24 17:39:26','2026-04-24 17:39:26','人员安全 、 访客进出登记管理',2,0,0),(102,NULL,592,'货物、物品安全 、 货物、物品安全管理制度',3,'','2026-04-24 17:39:26','2026-04-24 17:39:26','货物、物品安全 、 货物、物品安全管理制度',5,0,0),(103,NULL,593,'货物、物品安全 、 集装箱七点检查法',3,'','2026-04-24 17:39:26','2026-04-24 17:39:26','货物、物品安全 、 集装箱七点检查法',5,0,0),(104,NULL,594,'货物、物品安全 、 集装箱封条',3,'','2026-04-24 17:39:26','2026-04-24 17:39:26','货物、物品安全 、 集装箱封条',5,0,0),(105,NULL,595,'货物、物品安全 、 集装箱存储制度',3,'','2026-04-24 17:39:26','2026-04-24 17:39:26','货物、物品安全 、 集装箱存储制度',5,0,0),(106,NULL,596,'货物、物品安全 、 司机身份核实',3,'','2026-04-24 17:39:26','2026-04-24 17:39:26','货物、物品安全 、 司机身份核实',5,0,0),(107,NULL,598,'货物、物品安全 、 装运和接收货物物品',3,'','2026-04-24 17:39:26','2026-04-24 17:39:26','货物、物品安全 、 装运和接收货物物品',4,0,0),(108,NULL,599,'货物、物品安全 、 货物、物品差异及报告程序',3,'','2026-04-24 17:39:26','2026-04-24 17:39:26','货物、物品安全 、 货物、物品差异及报告程序',5,0,0),(109,NULL,600,'货物、物品安全 、 出口安全制度',3,'','2026-04-24 17:39:26','2026-04-24 17:39:26','货物、物品安全 、 出口安全制度',5,0,0),(110,NULL,602,'运输工具安全 、 运输工具安全管理制度',3,'','2026-04-24 17:39:26','2026-04-24 17:39:26','运输工具安全 、 运输工具安全管理制度',3,0,0),(111,NULL,603,'运输工具安全 、 运输工具检查',3,'','2026-04-24 17:39:26','2026-04-24 17:39:26','运输工具安全 、 运输工具检查',3,0,0),(112,NULL,604,'运输工具安全 、 运输工具存储制度',3,'','2026-04-24 17:39:26','2026-04-24 17:39:26','运输工具安全 、 运输工具存储制度',3,0,0),(113,NULL,605,'运输工具安全 、 安全培训',3,'','2026-04-24 17:39:26','2026-04-24 17:39:26','运输工具安全 、 安全培训',3,0,0),(114,NULL,607,'商业伙伴安全 、 商业伙伴安全管理制度',3,'','2026-04-24 17:39:26','2026-04-24 17:39:26','商业伙伴安全 、 商业伙伴安全管理制度',5,0,0),(115,NULL,608,'商业伙伴安全 、 全面评估',3,'','2026-04-24 17:39:26','2026-04-24 17:39:26','商业伙伴安全 、 全面评估',5,0,0),(116,NULL,609,'商业伙伴安全 、 优化贸易安全管理书面文件',3,'','2026-04-24 17:39:26','2026-04-24 17:39:26','商业伙伴安全 、 优化贸易安全管理书面文件',5,0,0),(117,NULL,610,'商业伙伴安全 、 监控检查',3,'','2026-04-24 17:39:26','2026-04-24 17:39:26','商业伙伴安全 、 监控检查',5,0,0),(118,NULL,612,'海关业务和贸易安全培训 、 法律法规和贸易安全内部培训制度',3,'','2026-04-24 17:39:26','2026-04-24 17:39:26','海关业务和贸易安全培训 、 法律法规和贸易安全内部培训制度',4,0,0),(119,NULL,613,'海关业务和贸易安全培训 、 海关法律法规培训',3,'','2026-04-24 17:39:26','2026-04-24 17:39:26','海关业务和贸易安全培训 、 海关法律法规培训',4,0,0),(120,NULL,614,'海关业务和贸易安全培训 、 货物安全培训',3,'','2026-04-24 17:39:26','2026-04-24 17:39:26','海关业务和贸易安全培训 、 货物安全培训',4,0,0),(121,NULL,615,'海关业务和贸易安全培训 、 危机管理培训',3,'','2026-04-24 17:39:26','2026-04-24 17:39:26','海关业务和贸易安全培训 、 危机管理培训',4,0,0),(122,NULL,616,'海关业务和贸易安全培训 、 信息安全培训',3,'','2026-04-24 17:39:26','2026-04-24 17:39:26','海关业务和贸易安全培训 、 信息安全培训',4,0,0),(123,NULL,618,'三、1 商品检查与进出口法检制度',2,'“商检”、“法检”','2026-04-24 17:39:26','2026-04-24 17:39:26','三、1 商品检查与进出口法检制度',6,0,0),(124,NULL,619,'三、3 抽查单证文件',3,'','2026-04-24 17:39:26','2026-04-24 17:39:26','三、3 抽查单证文件',6,0,0),(125,NULL,620,'三、4 熏蒸板记录',3,'','2026-04-24 17:39:26','2026-04-24 17:39:26','三、4 熏蒸板记录',6,0,0),(126,NULL,621,'二、2 特殊物品单证',3,'','2026-04-24 17:39:26','2026-04-24 17:39:26','二、2 特殊物品单证',6,0,0),(127,NULL,622,'二、3 特殊物品安全管理制度',2,'“单证管理”、“复核”','2026-04-24 17:39:26','2026-04-24 17:39:26','二、3 特殊物品安全管理制度',6,0,0),(128,NULL,623,'一、1 进出口单证复核&保管制度',2,'“单证管理”、“复核”','2026-04-24 17:39:26','2026-04-24 17:39:26','一、1 进出口单证复核&保管制度',6,0,0),(129,NULL,624,'三、2 进境商检查验管理台账历年纪录',3,'','2026-04-24 17:39:26','2026-04-24 17:39:26','三、2 进境商检查验管理台账历年纪录',6,0,0),(130,NULL,625,'进出口商品检验 、 法检制度',2,'“商检”、“法检”','2026-04-24 17:39:26','2026-04-24 17:39:26','进出口商品检验 、 法检制度',6,0,0),(131,NULL,626,'八、物流运输业务 - 20 运输工具管理制度',2,'“车辆管理”','2026-04-24 17:39:26','2026-04-24 17:39:26','八、物流运输业务 - 20 运输工具管理制度',6,0,0),(132,NULL,628,'八、物流运输业务 - 21-1 运输工具轨迹管理制度',2,'“定位监控”、“轨迹系统”、“车载终端”','2026-04-24 17:39:26','2026-04-24 17:39:26','八、物流运输业务 - 21-1 运输工具轨迹管理制度',6,0,0),(133,NULL,629,'八、物流运输业务 - 21-2 车辆行驶轨迹记录',3,'','2026-04-24 17:39:26','2026-04-24 17:39:26','八、物流运输业务 - 21-2 车辆行驶轨迹记录',6,0,0),(134,NULL,631,'八、物流运输业务 - 22-1 驾驶员安全与匹配制度',2,'“驾驶员审核”、“身份检查”、“人员匹配”','2026-04-24 17:39:26','2026-04-24 17:39:26','八、物流运输业务 - 22-1 驾驶员安全与匹配制度',6,0,0),(135,NULL,632,'八、物流运输业务 - 22-2 车辆与司机登记台账',3,'','2026-04-24 17:39:26','2026-04-24 17:39:26','八、物流运输业务 - 22-2 车辆与司机登记台账',6,0,0),(136,NULL,634,'六、代理报关业务 - 1 进出口单证及复核制度文件',2,'“进出口单证”','2026-04-24 17:39:26','2026-04-24 17:39:26','六、代理报关业务 - 1 进出口单证及复核制度文件',6,0,0),(137,NULL,635,'六、代理报关业务 - 2 系统复审界面截屏',3,'','2026-04-24 17:39:26','2026-04-24 17:39:26','六、代理报关业务 - 2 系统复审界面截屏',6,0,0),(138,NULL,636,'六、代理报关业务 - 3 历年退改单率统计',3,'','2026-04-24 17:39:26','2026-04-24 17:39:26','六、代理报关业务 - 3 历年退改单率统计',6,0,0),(139,NULL,637,'六、代理报关业务 - 4 历年单一窗口数据取值截屏',3,'','2026-04-24 17:39:26','2026-04-24 17:39:26','六、代理报关业务 - 4 历年单一窗口数据取值截屏',6,0,0),(140,NULL,638,'六、代理报关业务 - 5 系统逻辑检验截屏',3,'','2026-04-24 17:39:26','2026-04-24 17:39:26','六、代理报关业务 - 5 系统逻辑检验截屏',6,0,0),(141,NULL,639,'六、代理报关业务 - 6 历年单证抽取记录',3,'','2026-04-24 17:39:26','2026-04-24 17:39:26','六、代理报关业务 - 6 历年单证抽取记录',6,0,0),(142,NULL,641,'六、代理报关业务 - 7 海关法律法规培训管理办法',3,'','2026-04-24 17:39:26','2026-04-24 17:39:26','六、代理报关业务 - 7 海关法律法规培训管理办法',6,0,0),(143,NULL,642,'六、代理报关业务 - 8 客户海关法律法规培训签到记录和培训课件',3,'','2026-04-24 17:39:26','2026-04-24 17:39:26','六、代理报关业务 - 8 客户海关法律法规培训签到记录和培训课件',6,0,0),(144,NULL,644,'六、代理报关业务 - 9 延伸认证情况说明文件',3,'','2026-04-24 17:39:26','2026-04-24 17:39:26','六、代理报关业务 - 9 延伸认证情况说明文件',6,0,0),(145,NULL,645,'五、2 历年法检查验管理台账',3,'','2026-04-24 17:39:26','2026-04-24 17:39:26','五、2 历年法检查验管理台账',6,0,0),(146,NULL,646,'五、3 历年抽查单证文件',3,'','2026-04-24 17:39:26','2026-04-24 17:39:26','五、3 历年抽查单证文件',6,0,0),(220,NULL,773,'关企沟通联系合作 、 关企联系合作机制',2,'“关企联系工作”或“关企联系合作机制”','2026-04-24 17:39:25','2026-04-24 17:39:25','关企沟通联系合作 、 关企联系合作机制',2,2,0),(221,NULL,774,'关企沟通联系合作 、 岗位职责',2,'“贸易安全”','2026-04-24 17:39:25','2026-04-24 17:39:25','关企沟通联系合作 、 岗位职责',2,2,0),(222,NULL,776,'进出口单证 、 进出口单证复核制度',2,'“单证复核流程”','2026-04-24 17:39:25','2026-04-24 17:39:25','进出口单证 、 进出口单证复核制度',4,2,0),(223,NULL,777,'进出口单证 、 进出口单证保管制度',2,'“单证归档”','2026-04-24 17:39:25','2026-04-24 17:39:25','进出口单证 、 进出口单证保管制度',4,2,0),(224,NULL,778,'进出口单证 、 禁止类产品合规审查制度',2,'“HS CODE/原产国/MSDS/货物性质”、“安全准入”、“禁止类产品合规审查”','2026-04-24 17:39:25','2026-04-24 17:39:25','进出口单证 、 禁止类产品合规审查制度',4,2,0),(225,NULL,779,'进出口单证 、 企业认证电子资料档案',3,'','2026-04-24 17:39:25','2026-04-24 17:39:25','进出口单证 、 企业认证电子资料档案',4,2,0),(226,NULL,781,'信息系统 、 信息系统说明',3,'','2026-04-24 17:39:25','2026-04-24 17:39:25','信息系统 、 信息系统说明',3,2,0),(227,NULL,782,'信息系统 、 系统数据的保管',3,'','2026-04-24 17:39:25','2026-04-24 17:39:25','信息系统 、 系统数据的保管',3,2,0),(228,NULL,783,'信息系统 、 信息安全管理制度',2,'“信息安全管理”、“员工手册”','2026-04-24 17:39:25','2026-04-24 17:39:25','信息系统 、 信息安全管理制度',3,2,0),(229,NULL,785,'内部审计和改进 、 内部审计制度',3,'','2026-04-24 17:39:25','2026-04-24 17:39:25','内部审计和改进 、 内部审计制度',5,2,0),(230,NULL,786,'内部审计和改进 、 内审记录报告',3,'','2026-04-24 17:39:25','2026-04-24 17:39:25','内部审计和改进 、 内审记录报告',5,2,0),(231,NULL,787,'内部审计和改进 、 改进和责任追究机制',3,'','2026-04-24 17:39:25','2026-04-24 17:39:25','内部审计和改进 、 改进和责任追究机制',5,2,0),(232,NULL,789,'遵守法律法规 、 6-15-1 无犯罪记录管理层声明书',1,'-','2026-04-24 17:39:25','2026-04-24 17:39:25','遵守法律法规 、 6-15-1 无犯罪记录管理层声明书',5,2,0),(233,NULL,790,'6-16&17&18 报关单行政处罚合规',1,'-','2026-04-24 17:39:25','2026-04-24 17:39:25','6-16&17&18 报关单行政处罚合规',5,2,0),(234,NULL,792,'进出口记录 、 1年内进出口活动证明',3,'','2026-04-24 17:39:25','2026-04-24 17:39:25','进出口记录 、 1年内进出口活动证明',4,2,0),(235,NULL,794,'财务状况 、 审计报告',1,'-','2026-04-24 17:39:25','2026-04-24 17:39:25','财务状况 、 审计报告',1,2,0),(236,NULL,795,'财务状况 、 资产负债率情况',1,'-','2026-04-24 17:39:25','2026-04-24 17:39:25','财务状况 、 资产负债率情况',1,2,0),(237,NULL,797,'经营场所安全 、 经营场所安全管理制度',3,'','2026-04-24 17:39:25','2026-04-24 17:39:25','经营场所安全 、 经营场所安全管理制度',3,2,0),(238,NULL,798,'经营场所安全 、 经营场所建筑物',3,'','2026-04-24 17:39:25','2026-04-24 17:39:25','经营场所安全 、 经营场所建筑物',3,2,0),(239,NULL,799,'经营场所安全 、 锁闭装置及钥匙保管',3,'','2026-04-24 17:39:26','2026-04-24 17:39:26','经营场所安全 、 锁闭装置及钥匙保管',3,2,0),(240,NULL,800,'经营场所安全 、 照明',3,'','2026-04-24 17:39:26','2026-04-24 17:39:26','经营场所安全 、 照明',3,2,0),(241,NULL,801,'经营场所安全 、 车辆和人员进出管理',3,'','2026-04-24 17:39:26','2026-04-24 17:39:26','经营场所安全 、 车辆和人员进出管理',3,2,0),(242,NULL,802,'经营场所安全 、 单证存放和仓储区域受控管理',3,'','2026-04-24 17:39:26','2026-04-24 17:39:26','经营场所安全 、 单证存放和仓储区域受控管理',3,2,0),(243,NULL,803,'经营场所安全 、 重要敏感区域视频监控',3,'','2026-04-24 17:39:26','2026-04-24 17:39:26','经营场所安全 、 重要敏感区域视频监控',3,2,0),(244,NULL,805,'人员安全 、 员工入职离职管理',3,'','2026-04-24 17:39:26','2026-04-24 17:39:26','人员安全 、 员工入职离职管理',2,2,0),(245,NULL,806,'人员安全 、 新员工&安全敏感岗位背调',3,'','2026-04-24 17:39:26','2026-04-24 17:39:26','人员安全 、 新员工&安全敏感岗位背调',2,2,0),(246,NULL,807,'人员安全 、 员工身份识别和离职员工取消授权',3,'','2026-04-24 17:39:26','2026-04-24 17:39:26','人员安全 、 员工身份识别和离职员工取消授权',2,2,0),(247,NULL,808,'人员安全 、 访客进出登记管理',3,'','2026-04-24 17:39:26','2026-04-24 17:39:26','人员安全 、 访客进出登记管理',2,2,0),(248,NULL,810,'货物、物品安全 、 货物、物品安全管理制度',3,'','2026-04-24 17:39:26','2026-04-24 17:39:26','货物、物品安全 、 货物、物品安全管理制度',5,2,0),(249,NULL,811,'货物、物品安全 、 集装箱七点检查法',3,'','2026-04-24 17:39:26','2026-04-24 17:39:26','货物、物品安全 、 集装箱七点检查法',5,2,0),(250,NULL,812,'货物、物品安全 、 集装箱封条',3,'','2026-04-24 17:39:26','2026-04-24 17:39:26','货物、物品安全 、 集装箱封条',5,2,0),(251,NULL,813,'货物、物品安全 、 集装箱存储制度',3,'','2026-04-24 17:39:26','2026-04-24 17:39:26','货物、物品安全 、 集装箱存储制度',5,2,0),(252,NULL,814,'货物、物品安全 、 司机身份核实',3,'','2026-04-24 17:39:26','2026-04-24 17:39:26','货物、物品安全 、 司机身份核实',5,2,0),(253,NULL,816,'货物、物品安全 、 装运和接收货物物品',3,'','2026-04-24 17:39:26','2026-04-24 17:39:26','货物、物品安全 、 装运和接收货物物品',4,2,0),(254,NULL,817,'货物、物品安全 、 货物、物品差异及报告程序',3,'','2026-04-24 17:39:26','2026-04-24 17:39:26','货物、物品安全 、 货物、物品差异及报告程序',5,2,0),(255,NULL,818,'货物、物品安全 、 出口安全制度',3,'','2026-04-24 17:39:26','2026-04-24 17:39:26','货物、物品安全 、 出口安全制度',5,2,0),(256,NULL,820,'运输工具安全 、 运输工具安全管理制度',3,'','2026-04-24 17:39:26','2026-04-24 17:39:26','运输工具安全 、 运输工具安全管理制度',3,2,0),(257,NULL,821,'运输工具安全 、 运输工具检查',3,'','2026-04-24 17:39:26','2026-04-24 17:39:26','运输工具安全 、 运输工具检查',3,2,0),(258,NULL,822,'运输工具安全 、 运输工具存储制度',3,'','2026-04-24 17:39:26','2026-04-24 17:39:26','运输工具安全 、 运输工具存储制度',3,2,0),(259,NULL,823,'运输工具安全 、 安全培训',3,'','2026-04-24 17:39:26','2026-04-24 17:39:26','运输工具安全 、 安全培训',3,2,0),(260,NULL,825,'商业伙伴安全 、 商业伙伴安全管理制度',3,'','2026-04-24 17:39:26','2026-04-24 17:39:26','商业伙伴安全 、 商业伙伴安全管理制度',5,2,0),(261,NULL,826,'商业伙伴安全 、 全面评估',3,'','2026-04-24 17:39:26','2026-04-24 17:39:26','商业伙伴安全 、 全面评估',5,2,0),(262,NULL,827,'商业伙伴安全 、 优化贸易安全管理书面文件',3,'','2026-04-24 17:39:26','2026-04-24 17:39:26','商业伙伴安全 、 优化贸易安全管理书面文件',5,2,0),(263,NULL,828,'商业伙伴安全 、 监控检查',3,'','2026-04-24 17:39:26','2026-04-24 17:39:26','商业伙伴安全 、 监控检查',5,2,0),(264,NULL,830,'海关业务和贸易安全培训 、 法律法规和贸易安全内部培训制度',3,'','2026-04-24 17:39:26','2026-04-24 17:39:26','海关业务和贸易安全培训 、 法律法规和贸易安全内部培训制度',4,2,0),(265,NULL,831,'海关业务和贸易安全培训 、 海关法律法规培训',3,'','2026-04-24 17:39:26','2026-04-24 17:39:26','海关业务和贸易安全培训 、 海关法律法规培训',4,2,0),(266,NULL,832,'海关业务和贸易安全培训 、 货物安全培训',3,'','2026-04-24 17:39:26','2026-04-24 17:39:26','海关业务和贸易安全培训 、 货物安全培训',4,2,0),(267,NULL,833,'海关业务和贸易安全培训 、 危机管理培训',3,'','2026-04-24 17:39:26','2026-04-24 17:39:26','海关业务和贸易安全培训 、 危机管理培训',4,2,0),(268,NULL,834,'海关业务和贸易安全培训 、 信息安全培训',3,'','2026-04-24 17:39:26','2026-04-24 17:39:26','海关业务和贸易安全培训 、 信息安全培训',4,2,0),(269,NULL,836,'三、1 商品检查与进出口法检制度',2,'“商检”、“法检”','2026-04-24 17:39:26','2026-04-24 17:39:26','三、1 商品检查与进出口法检制度',6,2,0),(270,NULL,837,'三、3 抽查单证文件',3,'','2026-04-24 17:39:26','2026-04-24 17:39:26','三、3 抽查单证文件',6,2,0),(271,NULL,838,'三、4 熏蒸板记录',3,'','2026-04-24 17:39:26','2026-04-24 17:39:26','三、4 熏蒸板记录',6,2,0),(272,NULL,839,'二、2 特殊物品单证',3,'','2026-04-24 17:39:26','2026-04-24 17:39:26','二、2 特殊物品单证',6,2,0),(273,NULL,840,'二、3 特殊物品安全管理制度',2,'“单证管理”、“复核”','2026-04-24 17:39:26','2026-04-24 17:39:26','二、3 特殊物品安全管理制度',6,2,0),(274,NULL,841,'一、1 进出口单证复核&保管制度',2,'“单证管理”、“复核”','2026-04-24 17:39:26','2026-04-24 17:39:26','一、1 进出口单证复核&保管制度',6,2,0),(275,NULL,842,'三、2 进境商检查验管理台账历年纪录',3,'','2026-04-24 17:39:26','2026-04-24 17:39:26','三、2 进境商检查验管理台账历年纪录',6,2,0),(276,NULL,843,'进出口商品检验 、 法检制度',2,'“商检”、“法检”','2026-04-24 17:39:26','2026-04-24 17:39:26','进出口商品检验 、 法检制度',6,2,0),(277,NULL,844,'八、物流运输业务 - 20 运输工具管理制度',2,'“车辆管理”','2026-04-24 17:39:26','2026-04-24 17:39:26','八、物流运输业务 - 20 运输工具管理制度',6,2,0),(278,NULL,846,'八、物流运输业务 - 21-1 运输工具轨迹管理制度',2,'“定位监控”、“轨迹系统”、“车载终端”','2026-04-24 17:39:26','2026-04-24 17:39:26','八、物流运输业务 - 21-1 运输工具轨迹管理制度',6,2,0),(279,NULL,847,'八、物流运输业务 - 21-2 车辆行驶轨迹记录',3,'','2026-04-24 17:39:26','2026-04-24 17:39:26','八、物流运输业务 - 21-2 车辆行驶轨迹记录',6,2,0),(280,NULL,849,'八、物流运输业务 - 22-1 驾驶员安全与匹配制度',2,'“驾驶员审核”、“身份检查”、“人员匹配”','2026-04-24 17:39:26','2026-04-24 17:39:26','八、物流运输业务 - 22-1 驾驶员安全与匹配制度',6,2,0),(281,NULL,850,'八、物流运输业务 - 22-2 车辆与司机登记台账',3,'','2026-04-24 17:39:26','2026-04-24 17:39:26','八、物流运输业务 - 22-2 车辆与司机登记台账',6,2,0),(282,NULL,852,'六、代理报关业务 - 1 进出口单证及复核制度文件',2,'“进出口单证”','2026-04-24 17:39:26','2026-04-24 17:39:26','六、代理报关业务 - 1 进出口单证及复核制度文件',6,2,0),(283,NULL,853,'六、代理报关业务 - 2 系统复审界面截屏',3,'','2026-04-24 17:39:26','2026-04-24 17:39:26','六、代理报关业务 - 2 系统复审界面截屏',6,2,0),(284,NULL,854,'六、代理报关业务 - 3 历年退改单率统计',3,'','2026-04-24 17:39:26','2026-04-24 17:39:26','六、代理报关业务 - 3 历年退改单率统计',6,2,0),(285,NULL,855,'六、代理报关业务 - 4 历年单一窗口数据取值截屏',3,'','2026-04-24 17:39:26','2026-04-24 17:39:26','六、代理报关业务 - 4 历年单一窗口数据取值截屏',6,2,0),(286,NULL,856,'六、代理报关业务 - 5 系统逻辑检验截屏',3,'','2026-04-24 17:39:26','2026-04-24 17:39:26','六、代理报关业务 - 5 系统逻辑检验截屏',6,2,0),(287,NULL,857,'六、代理报关业务 - 6 历年单证抽取记录',3,'','2026-04-24 17:39:26','2026-04-24 17:39:26','六、代理报关业务 - 6 历年单证抽取记录',6,2,0),(288,NULL,859,'六、代理报关业务 - 7 海关法律法规培训管理办法',3,'','2026-04-24 17:39:26','2026-04-24 17:39:26','六、代理报关业务 - 7 海关法律法规培训管理办法',6,2,0),(289,NULL,860,'六、代理报关业务 - 8 客户海关法律法规培训签到记录和培训课件',3,'','2026-04-24 17:39:26','2026-04-24 17:39:26','六、代理报关业务 - 8 客户海关法律法规培训签到记录和培训课件',6,2,0),(290,NULL,862,'六、代理报关业务 - 9 延伸认证情况说明文件',3,'','2026-04-24 17:39:26','2026-04-24 17:39:26','六、代理报关业务 - 9 延伸认证情况说明文件',6,2,0),(291,NULL,863,'五、2 历年法检查验管理台账',3,'','2026-04-24 17:39:26','2026-04-24 17:39:26','五、2 历年法检查验管理台账',6,2,0),(292,NULL,864,'五、3 历年抽查单证文件',3,'','2026-04-24 17:39:26','2026-04-24 17:39:26','五、3 历年抽查单证文件',6,2,0);
/*!40000 ALTER TABLE `folder_check_files` ENABLE KEYS */;
UNLOCK TABLES;

--
-- Table structure for table `standards`
--

DROP TABLE IF EXISTS `standards`;
/*!40101 SET @saved_cs_client     = @@character_set_client */;
/*!40101 SET character_set_client = utf8 */;
CREATE TABLE `standards` (
  `id` bigint(20) unsigned NOT NULL AUTO_INCREMENT,
  `name` varchar(255) COLLATE utf8mb4_unicode_ci NOT NULL COMMENT '名称',
  `component` varchar(30) COLLATE utf8mb4_unicode_ci NOT NULL COMMENT '审核组件名称',
  `type` tinyint(4) NOT NULL DEFAULT '1' COMMENT '类型 1通用标准 2单项标准',
  `created_at` datetime DEFAULT NULL,
  `updated_at` datetime DEFAULT NULL,
  `permission_path` varchar(255) COLLATE utf8mb4_unicode_ci DEFAULT NULL COMMENT '权限路径',
  PRIMARY KEY (`id`),
  KEY `standards_type_index` (`type`)
) ENGINE=InnoDB AUTO_INCREMENT=8 DEFAULT CHARSET=utf8mb4 COLLATE=utf8mb4_unicode_ci;
/*!40101 SET character_set_client = @saved_cs_client */;

--
-- Dumping data for table `standards`
--

LOCK TABLES `standards` WRITE;
/*!40000 ALTER TABLE `standards` DISABLE KEYS */;
INSERT INTO `standards` VALUES (1,'财务','common',1,'2025-05-09 16:28:50','2025-05-09 16:28:50','section.finance'),(2,'人事','common',1,'2025-05-09 16:28:50','2025-05-09 16:28:50','section.personnel'),(3,'行政','common',1,'2025-05-09 16:28:50','2025-05-09 16:28:50','section.administration'),(4,'关务','common',1,'2025-05-09 16:28:50','2025-05-09 16:28:50','section.customs'),(5,'审计部','common',1,'2025-05-09 16:28:50','2025-05-09 16:28:50','section.audit'),(6,'单项标准','common',1,'2025-06-19 15:08:46','2025-06-19 15:08:48','section.single');
/*!40000 ALTER TABLE `standards` ENABLE KEYS */;
UNLOCK TABLES;
/*!40103 SET TIME_ZONE=@OLD_TIME_ZONE */;

/*!40101 SET SQL_MODE=@OLD_SQL_MODE */;
/*!40014 SET FOREIGN_KEY_CHECKS=@OLD_FOREIGN_KEY_CHECKS */;
/*!40014 SET UNIQUE_CHECKS=@OLD_UNIQUE_CHECKS */;
/*!40101 SET CHARACTER_SET_CLIENT=@OLD_CHARACTER_SET_CLIENT */;
/*!40101 SET CHARACTER_SET_RESULTS=@OLD_CHARACTER_SET_RESULTS */;
/*!40101 SET COLLATION_CONNECTION=@OLD_COLLATION_CONNECTION */;
/*!40111 SET SQL_NOTES=@OLD_SQL_NOTES */;

-- Dump completed on 2026-04-25  3:35:39
